,restaurant,cuisines,average check,number of reviews,user's rating
0,One Teaspoon,"Европейская,Подходит для вегетарианцев,Для веганов,Безглютеновые блюда",1500,168,5.0
1,Verde cafe,"Современная,Подходит для вегетарианцев,Для веганов,Безглютеновые блюда",1500,136,5.0
2,Русский паб | Russian pub,"Русская,Подходит для вегетарианцев,Для веганов",1500,84,5.0
3,"Практика by Darvin, Ленком","Итальянская,Средиземноморская,Европейская,Подходит для вегетарианцев",1500,127,5.0
4,Косой Маркс,"Бар,Паб",700,113,5.0
5,Пита-бар Meat Me,"Турецкая,Греческая,Ближневосточная,Израильская,Подходит для вегетарианцев",700,108,4.5
6,Вай Мэ!,"Кафе,Закусочная,Грузинская,Подходит для вегетарианцев,Безглютеновые блюда,Для веганов",700,931,4.5
7,Лепим и жарим,"Европейская,Русская,Подходит для вегетарианцев",1500,1385,4.5
8,Стейк Хаус Бутчер,"Американская,Стейк-хаус,Европейская,Центральноевропейская",3000,215,4.5
9,"Кафе ""Варвара""","Кафе,Европейская,Русская,Восточноевропейская,Центральноевропейская,Подходит для вегетарианцев,Для веганов,Безглютеновые блюда",1500,187,4.5
10,Эдоко,"Японская,Подходит для вегетарианцев,Для веганов",1500,135,4.5
11,Грабли Food Bar,"Европейская,Русская,Подходит для вегетарианцев,Для веганов,Безглютеновые блюда",700,167,4.5
12,Хмели-Сунели,"Европейская,Восточноевропейская,Грузинская,Подходит для вегетарианцев,Для веганов,Безглютеновые блюда",1500,522,4.5
13,Ресторан Зал Метрополь,"Европейская,Русская,Восточноевропейская,Центральноевропейская,Подходит для вегетарианцев,Для веганов,Безглютеновые блюда",3000,270,4.5
14,ИТАЛОНИЯ,"Пицца,Кафе,Винный бар,Итальянская,Европейская",700,201,4.5
15,Кафе «Пироги Вино и Гусь»,"Кафе,Европейская,Фьюжн,Центральноевропейская,Винный бар,Подходит для вегетарианцев,Для веганов",1500,164,4.5
16,ЭЗО,"Узбекская,Грузинская,Подходит для вегетарианцев,Для веганов,Безглютеновые блюда",1500,153,4.5
17,Winil Wine Bar,"Итальянская,Европейская,Азиатская,Винный бар,Скандинавская,Подходит для вегетарианцев,Для веганов,Безглютеновые блюда",1500,114,5.0
18,Ra Family,"Тайская,Фьюжн,Супы,Тибетская,Кафе,Подходит для вегетарианцев,Для веганов,Безглютеновые блюда",700,464,4.5
19,Шинок,"Европейская,Русская,Восточноевропейская,Центральноевропейская,Украинская,Подходит для вегетарианцев,Для веганов,Безглютеновые блюда",1500,606,4.5
20,Brooms,"Американская,Европейская,Русская",1500,54,5.0
21,Кафе Тажин,"Марокканская,Кафе,Морепродукты,Ближневосточная,Подходит для вегетарианцев,Для веганов,Безглютеновые блюда",1500,207,4.5
22,Ruta Española,"Средиземноморская,Испанская,Европейская,Подходит для вегетарианцев,Для веганов",700,68,5.0
23,Лепим и варим,"Фастфуд,Русская,Подходит для вегетарианцев,Для веганов",700,182,4.5
24,Фермерский ресторан LavкаLavка,"Европейская,Современная,Русская,Здоровая,Винный бар,Подходит для вегетарианцев,Для веганов,Безглютеновые блюда",1500,1123,4.5
25,AQ Kitchen,"Морепродукты,Средиземноморская,Европейская,Испанская,Центральноевропейская,Подходит для вегетарианцев,Для веганов,Безглютеновые блюда",1500,814,4.5
26,Стейк'S,"Средиземноморская,Европейская,Современная,Стейк-хаус,Безглютеновые блюда",1500,641,4.5
27,Йоркшир,"Бар,Европейская,Британская,Гриль",1500,149,4.5
28,"Ресторан ""5642 Высота""","Восточноевропейская,Подходит для вегетарианцев,Для веганов,Безглютеновые блюда",1500,695,4.5
29,Catch Бистро,"Суши,Азиатская,Морепродукты,Средиземноморская,Европейская,Подходит для вегетарианцев,Для веганов,Безглютеновые блюда",1500,333,5.0
30,Steak It Easy,"Стейк-хаус,Фьюжн,Бар,Европейская,Подходит для вегетарианцев,Для веганов,Безглютеновые блюда",1500,184,4.5
31,Кафе Сценарио,"Итальянская,Средиземноморская,Европейская,Русская,Бар,Пицца,Центральноевропейская,Подходит для вегетарианцев,Для веганов",1500,306,4.5
32,Хачапури,"Восточноевропейская,Грузинская,Подходит для вегетарианцев,Для веганов,Безглютеновые блюда",1500,1200,4.5
33,Wine & Crab Restaurant,"Морепродукты,Средиземноморская,Винный бар,Европейская,Безглютеновые блюда",1500,626,4.5
34,Одесса-мама,"Европейская,Русская,Восточноевропейская,Украинская,Для веганов,Подходит для вегетарианцев",1500,279,4.5
35,Рукав,"Морепродукты,Европейская,Русская,Центральноевропейская,Восточноевропейская,Подходит для вегетарианцев",1500,182,4.5
36,Булошная,"Европейская,Русская,Центральноевропейская,Кафе,Подходит для вегетарианцев,Для веганов",1500,180,4.5
37,Торро Гриль,"Стейк-хаус,Бар,Барбекю,Европейская,Центральноевропейская,Американская",1500,219,4.5
38,Сахли,"Подходит для вегетарианцев,Для веганов",1500,225,4.5
39,PIVBAR,"Бар,Паб",1500,149,4.5
40,Кафе Вай Мэ!,"Кафе,Фастфуд,Ближневосточная,Восточноевропейская,Подходит для вегетарианцев,Для веганов,Безглютеновые блюда",700,361,4.5
41,Пинцерия Бонтемпи,"Итальянская,Пицца,Средиземноморская,Европейская,Подходит для вегетарианцев,Для веганов,Безглютеновые блюда",1500,1007,4.5
42,Ресторан Матрёшка,"Русская,Центральноевропейская,Подходит для вегетарианцев,Для веганов,Безглютеновые блюда",3000,218,4.5
43,Стейк Хаус Бутчер,"Американская,Стейк-хаус,Барбекю,Европейская,Бар,Центральноевропейская",3000,177,4.5
44,Паста и баста,"Итальянская,Пицца,Морепродукты,Средиземноморская,Европейская,Подходит для вегетарианцев,Для веганов",1500,280,4.5
45,Чемодан,"Бар,Русская,Восточноевропейская",3000,296,4.5
46,Виа Романо,"Итальянская,Морепродукты,Средиземноморская,Европейская,Центральноевропейская",1500,229,4.5
47,15 Kitchen + Bar,"Морепродукты,Европейская,Центральноевропейская,Для веганов,Безглютеновые блюда,Подходит для вегетарианцев",1500,278,4.5
48,Burger&Pizzetta;,"Итальянская,Американская,Пицца,Кафе,Средиземноморская,Бар,Морепродукты,Европейская,Паб,Подходит для вегетарианцев,Для веганов,Безглютеновые блюда",1500,273,4.5
49,Практика,"Итальянская,Американская,Средиземноморская,Европейская,Морепродукты,Подходит для вегетарианцев,Для веганов",1500,131,4.5
50,Стейк Хаус Бутчер,"Американская,Стейк-хаус,Барбекю,Европейская,Центральноевропейская,Безглютеновые блюда",1500,602,4.5
51,Ламазо Хинкальная,"Барбекю,Кавказская,Грузинская,Гриль,Подходит для вегетарианцев,Для веганов",700,242,4.5
52,Дарбази,"Подходит для вегетарианцев,Для веганов",1500,192,4.5
53,WE Pub,"Ирландская,Бар,Европейская,Британская,Паб,Шотландская,Центральноевропейская",1500,316,4.5
54,Хинкали Point,"Кафе,Подходит для вегетарианцев,Для веганов",700,159,4.5
55,Meat Puppets Bar & Meatarea,"Американская,Стейк-хаус,Бар,Европейская,Винный бар,Барбекю,Центральноевропейская",1500,254,4.5
56,Молдова,"Европейская,Восточноевропейская,Центральноевропейская,Подходит для вегетарианцев,Для веганов",1500,140,4.5
57,SAVVA,"Русская,Европейская,Восточноевропейская,Центральноевропейская,Подходит для вегетарианцев,Для веганов,Безглютеновые блюда",3000,491,4.5
58,"Ресторан ""Гуси-Лебеди""","Русская,Морепродукты,Европейская,Центральноевропейская,Подходит для вегетарианцев,Для веганов",1500,300,4.5
59,Боэми,Европейская,1500,112,4.5
60,Ресторан Bjorn,"Европейская,Шведская,Скандинавская,Датская,Норвежская,Подходит для вегетарианцев,Для веганов,Безглютеновые блюда",1500,481,4.5
61,Steak It Easy,"Стейк-хаус,Бар,Гриль,Винный бар,Европейская,Центральноевропейская,Подходит для вегетарианцев,Для веганов",1500,173,4.5
62,Pizzamento Tverskaya,"Итальянская,Пицца,Средиземноморская,Гриль,Винный бар,Подходит для вегетарианцев,Для веганов",1500,117,4.5
63,Кафе Мандариновый гусь,"Пицца,Европейская,Кафе,Фастфуд,Русская,Восточноевропейская,Центральноевропейская,Подходит для вегетарианцев,Для веганов",700,329,4.5
64,Кафе ПушкинЪ,"Европейская,Русская,Восточноевропейская,Центральноевропейская,Подходит для вегетарианцев,Для веганов,Безглютеновые блюда",3000,7015,4.5
65,Chicago Grill & Bar,"Американская,Стейк-хаус,Бар,Европейская,Гриль,Безглютеновые блюда",3000,318,4.5
66,Хачапури,"Восточноевропейская,Европейская,Грузинская,Подходит для вегетарианцев,Для веганов",1500,263,4.5
67,Delicatessen,"Бар,Европейская,Центральноевропейская,Международная,Безглютеновые блюда",1500,283,4.5
68,Мари Vanna,"Европейская,Русская,Восточноевропейская,Центральноевропейская,Подходит для вегетарианцев,Для веганов,Безглютеновые блюда",1500,692,4.5
69,Стейк Хаус Бутчер,"Американская,Стейк-хаус,Европейская",3000,1081,4.5
70,Остерия Марио,"Итальянская,Средиземноморская,Европейская",1500,86,5.0
71,Casa Leone,"Итальянская,Кафе,Бар,Европейская",1500,317,4.5
72,Extra Virgin - гриль.хлеб.вино,"Итальянская,Пицца,Средиземноморская,Винный бар,Подходит для вегетарианцев,Для веганов",1500,282,4.5
73,Бардак,"Кафе,Турецкая,Ближневосточная,Восточноевропейская,Подходит для вегетарианцев,Для веганов,Халяль",1500,290,4.5
74,Люди как люди,"Кафе,Европейская,Подходит для вегетарианцев,Для веганов",700,277,4.5
75,Лао Ли,"Кафе,Фастфуд,Азиатская,Вьетнамская,Супы,Подходит для вегетарианцев,Для веганов,Безглютеновые блюда",700,343,4.5
76,Обломов,"Русская,Подходит для вегетарианцев",3000,251,4.5
77,Кафе Мишель,"Средиземноморская,Французская,Кафе,Европейская,Центральноевропейская,Подходит для вегетарианцев,Для веганов",1500,419,4.5
78,Porosello,"Бар,Европейская,Паб,Подходит для вегетарианцев,Для веганов",1500,117,4.5
79,Зодиак,"Китайская,Японская,Суши,Азиатская,Вьетнамская,Сингапурская,Тайская,Подходит для вегетарианцев,Для веганов",1500,225,4.5
80,Мит & Фиш,"Американская,Гриль,Стейк-хаус,Морепродукты,Европейская,Подходит для вегетарианцев,Для веганов,Безглютеновые блюда",1500,379,4.5
81,Бобби Дэззлер,"Бар,Европейская,Британская,Паб,Центральноевропейская",1500,443,4.5
82,Хачапури,"Восточноевропейская,Грузинская,Подходит для вегетарианцев,Для веганов",1500,751,4.5
83,Fresh,"Европейская,Подходит для вегетарианцев,Для веганов,Безглютеновые блюда",1500,270,4.5
84,Oстерия Альберобeлло,"Итальянская,Французская,Морепродукты,Европейская,Центральноевропейская,Подходит для вегетарианцев,Для веганов",1500,81,4.5
85,Moregrill,"Морепродукты,Суши,Европейская,Гриль,Здоровая,Для веганов,Безглютеновые блюда,Подходит для вегетарианцев",1500,179,4.5
86,Lari,"Европейская,Восточноевропейская,Подходит для вегетарианцев,Для веганов",1500,295,4.5
87,Хищник Стейкs & Burgers,"Американская,Стейк-хаус,Бар,Фастфуд,Европейская,Паб,Подходит для вегетарианцев",700,233,4.5
88,Ритц-Карлтон Бар и Лобби Лаунж,"Бар,Центральноевропейская,Кафе",3000,151,4.5
89,Bar BQ Cafe,"Международная,Кафе,Барбекю",1500,688,4.5
90,Честная кухня,"Морепродукты,Европейская,Русская,Центральноевропейская,Подходит для вегетарианцев,Для веганов",1500,444,4.5
91,Бар Бирмуд,"Итальянская,Бар,Паб,Фастфуд",700,58,5.0
92,Рыбный базар,"Морепродукты,Средиземноморская,Европейская,Подходит для вегетарианцев,Для веганов,Безглютеновые блюда",3000,427,4.5
93,Рынок и общепит ШУК,"Ближневосточная,Морепродукты,Средиземноморская,Израильская,Подходит для вегетарианцев,Для веганов,Безглютеновые блюда",1500,174,4.5
94,Бочка,"Стейк-хаус,Барбекю,Европейская,Русская,Подходит для вегетарианцев",1500,231,4.5
95,"Ресторан-бар ""Консерватория""","Бар,Международная,Европейская,Современная,Здоровая,Подходит для вегетарианцев",3000,141,4.5
96,Селфи,"Русская,Морепродукты,Средиземноморская,Европейская,Восточноевропейская,Центральноевропейская,Современная,Подходит для вегетарианцев,Для веганов",3000,312,4.5
97,"Бар ""Сити Спейс""","Международная,Суши,Азиатская,Бар",3000,534,4.5
98,Китайская Грамота,"Китайская,Азиатская,Подходит для вегетарианцев,Для веганов",1500,546,4.5
99,Black Thai,"Азиатская,Тайская,Подходит для вегетарианцев,Для веганов,Безглютеновые блюда",1500,568,4.5
100,Винный базар,"Винный бар,Подходит для вегетарианцев",1500,54,5.0
101,Saperavi Cafe,"Грузинская,Подходит для вегетарианцев,Для веганов,Безглютеновые блюда",1500,282,4.5
102,Брассери Брюгге,"Бельгийская,Бар,Европейская,Паб,Центральноевропейская",1500,202,4.5
103,Ресторан Субботица,"Морепродукты,Средиземноморская,Барбекю,Европейская,Хорватская,Центральноевропейская,Подходит для вегетарианцев,Для веганов",1500,394,4.5
104,Кафе Рецептор,"Индийская,Европейская,Азиатская,Корейская,Русская,Восточноевропейская,Суши,Здоровая,Ближневосточная,Подходит для вегетарианцев,Для веганов,Безглютеновые блюда",1500,143,4.5
105,The Сад,"Европейская,Морепродукты,Центральноевропейская,Современная,Супы,Подходит для вегетарианцев,Для веганов",3000,349,4.5
106,Бистро Крылья,"Американская,Фастфуд,Современная,Здоровая,Уличная еда,Подходит для вегетарианцев",1500,76,4.5
107,Эларджи,"Грузинская,Подходит для вегетарианцев,Для веганов,Безглютеновые блюда",1500,325,4.5
108,Духан Чито-Ра,Подходит для вегетарианцев,700,234,4.5
109,Остерия Тоскана,"Итальянская,Пицца,Гастропаб,Подходит для вегетарианцев,Для веганов",1500,156,4.5
110,Пороселло,"Американская,Бар,Европейская,Паб,Винный бар,Центральноевропейская,Кафе,Морепродукты,Русская,Подходит для вегетарианцев,Для веганов",1500,178,5.0
111,Пропаганда,"Американская,Бар,Европейская,Русская,Восточноевропейская,Центральноевропейская,Современная,Подходит для вегетарианцев,Для веганов",1500,595,4.5
112,Cantinetta Antinori,"Итальянская,Средиземноморская,Европейская,Центральноевропейская,Подходит для вегетарианцев,Для веганов,Безглютеновые блюда",3000,200,4.5
113,"Джаз-клуб ""Эссе""","Бар,Кафе,Европейская,Центральноевропейская",1500,174,4.5
114,Ресторан Китайские новости,"Китайская,Азиатская,Тайваньская,Подходит для вегетарианцев,Для веганов",1500,339,4.5
115,Стейк Хаус Бутчер,"Американская,Стейк-хаус,Европейская",1500,108,4.5
116,Кафе Натахтари,"Европейская,Кафе,Кавказская,Грузинская,Подходит для вегетарианцев",1500,344,4.5
117,Техникум,"Бар,Морепродукты,Европейская,Центральноевропейская,Подходит для вегетарианцев,Для веганов",1500,252,4.5
118,Остерия Марио,"Итальянская,Подходит для вегетарианцев,Для веганов",1500,172,4.5
119,SOS.CAFE,"Бар,Европейская,Гриль,Гастропаб,Датская,Американская,Подходит для вегетарианцев,Для веганов",1500,410,4.5
120,Турандот,"Китайская,Японская,Европейская,Азиатская,Русская,Центральноевропейская,Гриль,Подходит для вегетарианцев,Для веганов,Безглютеновые блюда",3000,1509,4.5
121,Кафе Кусочки,"Европейская,Восточноевропейская,Центральноевропейская",1500,393,4.5
122,Диду,"Бар,Кафе,Европейская,Центральноевропейская,Подходит для вегетарианцев,Для веганов",1500,584,4.5
123,MarketPlace,"Итальянская,Европейская,Азиатская,Морепродукты,Русская,Подходит для вегетарианцев,Для веганов",1500,191,4.5
124,Суп кафе,"Европейская,Русская,Супы,Восточноевропейская,Центральноевропейская,Международная,Здоровая,Подходит для вегетарианцев,Для веганов",1500,480,4.0
125,AQ Chicken,Центральноевропейская,1500,168,4.5
126,Боцман,"Морепродукты,Средиземноморская,Барбекю,Европейская,Русская,Гриль,Подходит для вегетарианцев,Для веганов",1500,139,4.5
127,Столовая 57,"Кафе,Фастфуд,Европейская,Русская,Восточноевропейская,Центральноевропейская,Подходит для вегетарианцев,Для веганов",700,2052,4.5
128,Брянский Бык,"Стейк-хаус,Гриль,Русская",1500,69,4.5
129,Хачапури,"Грузинская,Европейская,Восточноевропейская,Подходит для вегетарианцев,Для веганов",1500,102,4.5
130,Зотман Пицца Пай,"Итальянская,Европейская,Пицца,Подходит для вегетарианцев",1500,132,4.5
131,Рецептор,"Европейская,Азиатская,Корейская,Восточноевропейская,Здоровая,Подходит для вегетарианцев,Для веганов,Безглютеновые блюда",1500,289,4.5
132,Черетто,"Итальянская,Пицца,Морепродукты,Средиземноморская,Европейская,Центральноевропейская,Подходит для вегетарианцев,Для веганов",1500,144,4.5
133,Рыбы нет,"Американская,Стейк-хаус,Барбекю,Европейская,Центральноевропейская",1500,526,4.5
134,COFFEE ROOM,"Бар,Кафе,Европейская,Паб,Подходит для вегетарианцев,Для веганов",1500,138,4.5
135,Hite,"Барбекю,Азиатская,Корейская,Для веганов,Подходит для вегетарианцев",1500,159,4.5
136,Донна Маргарита,"Итальянская,Пицца,Морепродукты,Средиземноморская,Европейская,Гриль,Подходит для вегетарианцев,Для веганов",1500,298,4.5
137,Ю-МЭ,"Японская,Морепродукты,Суши,Азиатская,Подходит для вегетарианцев,Для веганов",1500,269,4.5
138,Кавказская пленница,"Барбекю,Восточноевропейская",1500,251,4.5
139,Balzi Rossi Restaurant,"Итальянская,Морепродукты,Средиземноморская,Сингапурская,Французская,Европейская,Центральноевропейская,Подходит для вегетарианцев,Для веганов",3000,133,4.5
140,Корчма Тарас Бульба,"Русская,Центральноевропейская,Украинская,Для веганов,Безглютеновые блюда,Подходит для вегетарианцев",1500,735,4.5
141,Шотландская клетка,"Европейская,Современная,Супы,Шотландская",1500,204,4.5
142,Одесса-Мама,"Европейская,Русская,Восточноевропейская,Украинская,Подходит для вегетарианцев,Для веганов,Безглютеновые блюда",1500,797,4.5
143,Ресторан Nobu Москва,"Японская,Морепродукты,Суши,Азиатская,Подходит для вегетарианцев,Для веганов,Безглютеновые блюда",3000,394,4.5
144,Vogue Cafe,"Кафе,Европейская,Центральноевропейская,Современная,Подходит для вегетарианцев,Для веганов,Безглютеновые блюда",3000,482,4.0
145,Osteria Mario,"Итальянская,Подходит для вегетарианцев,Для веганов,Безглютеновые блюда",1500,113,4.5
146,Ресторан Cheapside,"Американская,Бар,Европейская",1500,181,4.5
147,Большой,"Европейская,Русская,Восточноевропейская,Центральноевропейская,Подходит для вегетарианцев,Для веганов,Безглютеновые блюда",3000,726,4.5
148,Ай Лав Кейк,"Американская,Кафе,Европейская,Подходит для вегетарианцев",1500,324,4.0
149,Зафферано,"Ближневосточная,Гриль,Подходит для вегетарианцев,Для веганов,Безглютеновые блюда",1500,104,4.5
150,Сыроварня,"Итальянская,Европейская,Русская,Центральноевропейская,Подходит для вегетарианцев,Для веганов,Безглютеновые блюда",1500,377,4.0
151,Гранд Кафе Dr. Живаго,"Европейская,Русская,Восточноевропейская,Центральноевропейская,Подходит для вегетарианцев,Для веганов,Безглютеновые блюда",1500,2028,4.5
152,Beer Happens,"Бар,Европейская,Азиатская,Паб,Гастропаб,Центральноевропейская",1500,180,4.5
153,Корчма Тарас Бульба,"Европейская,Русская,Восточноевропейская,Украинская,Подходит для вегетарианцев,Для веганов",1500,567,4.0
154,Рецептор,"Европейская,Корейская,Восточноевропейская,Азиатская,Здоровая,Подходит для вегетарианцев,Для веганов,Безглютеновые блюда",1500,256,4.5
155,Пробка на Цветном,"Пицца,Итальянская,Средиземноморская,Европейская,Центральноевропейская,Подходит для вегетарианцев,Безглютеновые блюда,Для веганов",1500,463,4.5
156,Кафе Саперави,"Грузинская,Современная,Для веганов,Безглютеновые блюда,Подходит для вегетарианцев",1500,586,4.0
157,Бараshка,"Ближневосточная,Европейская,Восточноевропейская,Кавказская,Азербайджанская,Для веганов,Безглютеновые блюда",1500,280,4.0
158,Белорусская хата,"Русская,Восточноевропейская,Супы",1500,175,4.5
159,Ресторан Фаренгейт,"Европейская,Центральноевропейская,Современная,Здоровая,Подходит для вегетарианцев,Для веганов,Безглютеновые блюда",1500,324,4.5
160,La Bottega Siciliana,"Итальянская,Пицца,Морепродукты,Средиземноморская,Европейская,Для веганов,Безглютеновые блюда,Подходит для вегетарианцев",3000,598,4.5
161,Венеция,"Итальянская,Пицца,Европейская,Центральноевропейская,Подходит для вегетарианцев,Для веганов",1500,304,4.5
162,Бобры и Утки,"Кафе,Европейская,Центральноевропейская,Подходит для вегетарианцев,Для веганов",1500,215,4.0
163,Стейк-Хаус Гудман,"Стейк-хаус,Бар,Европейская,Центральноевропейская",1500,264,4.5
164,Грузин,"Европейская,Грузинская,Подходит для вегетарианцев",1500,112,4.5
165,Машрумс,"Итальянская,Европейская,Русская,Центральноевропейская,Подходит для вегетарианцев,Для веганов",1500,182,4.5
166,Ruski,"Русская,Европейская,Подходит для вегетарианцев,Для веганов",1500,506,4.0
167,Ресторан Казбек,"Грузинская,Восточноевропейская,Подходит для вегетарианцев,Для веганов,Безглютеновые блюда",1500,162,4.5
168,Квартира 44,"Бар,Кафе,Европейская,Восточноевропейская,Центральноевропейская,Русская,Подходит для вегетарианцев,Для веганов",1500,216,4.5
169,Burger & Pizzetta,"Итальянская,Американская,Средиземноморская",1500,49,5.0
170,Иерусалим,"Средиземноморская,Израильская,Подходит для вегетарианцев,Для веганов,Кошерная",1500,159,4.5
171,Болоньетта,"Итальянская,Морепродукты,Барбекю,Супы,Подходит для вегетарианцев",1500,91,4.5
172,Бар Италия,"Итальянская,Бар,Европейская,Винный бар,Подходит для вегетарианцев,Для веганов",700,142,4.5
173,Стакан,"Европейская,Подходит для вегетарианцев,Для веганов",700,99,5.0
174,Корейский ресторан Белый журавль и магазин,"Азиатская,Корейская,Современная,Для веганов,Подходит для вегетарианцев",1500,260,4.5
175,Баба Марта,"Европейская,Супы,Восточноевропейская,Центральноевропейская,Подходит для вегетарианцев,Для веганов",1500,268,4.0
176,Паб Ло Пикассо,"Бар,Морепродукты,Средиземноморская,Европейская,Испанская,Центральноевропейская,Подходит для вегетарианцев",1500,288,4.0
177,Breakfast Cafe,"Американская,Кафе,Европейская,Центральноевропейская,Подходит для вегетарианцев,Для веганов",1500,342,4.0
178,Никуда Не Едем,"Бар,Морепродукты,Европейская,Центральноевропейская,Современная,Гастропаб,Подходит для вегетарианцев",1500,214,4.5
179,Конер Бургер,"Американская,Бар,Гриль,Винный бар",1500,231,4.0
180,Итальянец,"Итальянская,Морепродукты,Средиземноморская,Европейская,Центральноевропейская,Гриль,Подходит для вегетарианцев,Для веганов",1500,213,4.5
181,O2 Lounge,"Бар,Суши,Европейская,Подходит для вегетарианцев,Для веганов",3000,425,4.0
182,Брассери Ламбик,"Бельгийская,Бар,Европейская,Паб,Центральноевропейская,Гриль",1500,226,4.5
183,Soho Rooms,"Китайская,Бар,Европейская,Русская",3000,219,4.5
184,Кафе Mizandari,"Восточноевропейская,Подходит для вегетарианцев,Для веганов",1500,155,4.5
185,Фани Кабани,"Стейк-хаус,Бар,Барбекю,Европейская,Центральноевропейская,Подходит для вегетарианцев,Для веганов",1500,530,4.5
186,Steak It Easy,"Стейк-хаус,Европейская,Бар,Центральноевропейская,Подходит для вегетарианцев,Для веганов,Безглютеновые блюда",1500,147,4.5
187,"Ресторан ""Белое Солнце Пустыни""","Азиатская,Ближневосточная,Подходит для вегетарианцев",3000,203,4.5
188,Вай Мэ!,"Грузинская,Подходит для вегетарианцев,Для веганов,Халяль,Безглютеновые блюда",700,118,5.0
189,Ла Прима,"Итальянская,Морепродукты,Средиземноморская,Европейская,Центральноевропейская,Магазин готовой еды",3000,140,4.5
190,Корчма Тарас Бульба,"Европейская,Русская,Восточноевропейская,Центральноевропейская,Украинская,Подходит для вегетарианцев,Для веганов",1500,222,4.0
191,Петрович,"Бар,Европейская,Русская,Восточноевропейская,Центральноевропейская,Подходит для вегетарианцев,Для веганов",1500,220,4.5
192,Ача-чача,"Кавказская,Подходит для вегетарианцев,Для веганов",1500,120,4.5
193,Мадам Галифе,"Восточноевропейская,Центральноевропейская,Международная,Европейская,Подходит для вегетарианцев,Для веганов",1500,254,4.5
194,ERWIN.РекаМореОкеан,"Магазин готовой еды,Русская,Румынская,Морепродукты,Европейская,Подходит для вегетарианцев,Безглютеновые блюда",1500,423,4.0
195,Хитрые люди,"Бар,Кафе,Паб,Современная,Здоровая",700,163,4.5
196,Голубка,"Итальянская,Европейская,Русская,Центральноевропейская,Подходит для вегетарианцев,Для веганов",1500,240,4.0
197,Андиамо,"Итальянская,Пицца,Морепродукты,Средиземноморская,Европейская,Гриль,Центральноевропейская,Подходит для вегетарианцев",1500,200,4.5
198,Пауланер Браухаус Павелецкий,"Немецкая,Бар,Европейская,Центральноевропейская",1500,523,4.0
199,Ресторан Marriott Royal Aurora,"Европейская,Международная",1500,88,4.5
200,Ресторан Casa di Famiglia,"Итальянская,Подходит для вегетарианцев,Для веганов",1500,199,4.5
201,Молоко,"Кафе,Европейская,Центральноевропейская,Подходит для вегетарианцев,Для веганов,Безглютеновые блюда",1500,453,4.0
202,Марукамэ,"Японская,Фастфуд,Суши,Азиатская,Для веганов,Подходит для вегетарианцев",700,312,4.0
203,Burger Heroes,"Американская,Бар,Фастфуд,Центральноамериканская",1500,495,4.0
204,Mr. Ливанец,"Ливанская,Ближневосточная,Подходит для вегетарианцев,Для веганов,Халяль",1500,132,4.5
205,ОбедБуфет Новый Арбат,"Итальянская,Японская,Кафе,Фастфуд,Суши,Европейская,Азиатская,Ближневосточная,Русская,Супы,Восточноевропейская,Подходит для вегетарианцев,Для веганов",700,394,4.0
206,Чайхона №1,"Бар,Суши,Азиатская,Ближневосточная,Восточноевропейская,Паб,Подходит для вегетарианцев,Для веганов,Халяль",1500,383,4.0
207,Буоно,"Итальянская,Морепродукты,Европейская,Центральноевропейская,Для веганов,Безглютеновые блюда",3000,310,4.0
208,Скандинавия,"Европейская,Шведская,Скандинавская,Центральноевропейская",1500,187,4.0
209,Ткемали,"Подходит для вегетарианцев,Для веганов",1500,85,4.5
210,Калина Бар,"Японская,Бар,Суши,Итальянская,Средиземноморская,Подходит для вегетарианцев,Для веганов",3000,366,4.0
211,Саперави,"Подходит для вегетарианцев,Для веганов,Безглютеновые блюда",1500,83,4.5
212,Лига Пап,"Американская,Бар,Европейская,Паб,Центральноевропейская",1500,171,4.5
213,"Ресторан ""Вилла Паста""","Итальянская,Пицца,Морепродукты,Международная,Средиземноморская,Европейская,Центральноевропейская,Подходит для вегетарианцев,Для веганов",1500,518,4.0
214,Дипломат Бар,"Европейская,Фьюжн,Восточноевропейская",1500,38,5.0
215,Ресторан Арарат,"Барбекю,Европейская,Восточноевропейская,Армянская,Супы,Для веганов,Подходит для вегетарианцев",1500,163,4.5
216,Чайхона №1,"Европейская,Ближневосточная,Русская,Восточноевропейская,Подходит для вегетарианцев,Для веганов",1500,364,4.0
217,Да Пино,"Пицца,Европейская,Итальянская,Гриль,Морепродукты,Подходит для вегетарианцев",1500,202,4.5
218,Ресторан Moments,"Бар,Европейская,Центральноевропейская,Для веганов",1500,161,4.5
219,Корчма Тарас Бульба,"Русская,Супы,Подходит для вегетарианцев,Для веганов",1500,255,4.5
220,Хищник Стейкs & Burgers,"Мексиканская,Американская,Европейская,Австралийская,Русская,Стейк-хаус",1500,74,4.5
221,FARШ,"Американская,Бар,Кафе,Фастфуд,Барбекю,Европейская",1500,893,4.0
222,Ресторан ДжонДжоли,"Восточноевропейская,Подходит для вегетарианцев,Для веганов,Безглютеновые блюда",1500,665,4.0
223,Пельмени да борщи,"Русская,Восточноевропейская,Подходит для вегетарианцев,Для веганов,Безглютеновые блюда",700,58,5.0
224,Сыр,"Итальянская,Морепродукты,Средиземноморская,Европейская,Центральноевропейская",3000,174,4.5
225,Ресторан Novikov Restaurant and Bar,"Китайская,Японская,Морепродукты,Суши,Европейская,Азиатская,Фьюжн,Подходит для вегетарианцев,Для веганов",3000,286,4.0
226,Боско бар,"Итальянская,Бар,Кафе,Европейская,Русская,Центральноевропейская,Подходит для вегетарианцев",1500,390,4.0
227,Молон Лаве,"Морепродукты,Средиземноморская,Европейская,Греческая,Современная,Подходит для вегетарианцев,Для веганов",1500,404,4.0
228,Квартира 44,"Бар,Европейская,Паб,Восточноевропейская,Центральноевропейская,Русская",1500,162,4.5
229,Ресторан Волна,"Морепродукты,Европейская,Русская,Подходит для вегетарианцев",1500,97,4.5
230,TAP & BARREL PUB,"Ирландская,Бар,Европейская,Гриль,Паб",1500,235,4.0
231,Corner Cafe&Kitchen;,"Японская,Азиатская,Кафе,Вьетнамская,Подходит для вегетарианцев",1500,68,4.5
232,Мерседес Бар,"Японская,Бар,Европейская,Центральноевропейская",3000,233,4.0
233,Brasserie Мост,"Французская,Морепродукты,Европейская,Центральноевропейская,Для веганов,Безглютеновые блюда",3000,312,4.0
234,Ресторан White Rabbit,"Современная,Подходит для вегетарианцев,Для веганов,Безглютеновые блюда",3000,2690,4.0
235,Йоркшир,"Итальянская,Европейская,Паб,Гриль",1500,110,4.5
236,The Mad Cook,"Подходит для вегетарианцев,Для веганов,Безглютеновые блюда",1500,119,4.5
237,Pizzamento,"Итальянская,Пицца,Международная,Современная,Супы,Подходит для вегетарианцев,Для веганов",700,82,4.5
238,Торро Гриль,"Стейк-хаус,Бар,Барбекю,Европейская,Паб,Центральноевропейская,Подходит для вегетарианцев,Для веганов",1500,184,4.5
239,Омулевая бочка,"Морепродукты,Русская,Подходит для вегетарианцев",1500,143,4.5
240,Сайгон,"Кафе,Морепродукты,Азиатская,Вьетнамская,Супы,Подходит для вегетарианцев,Для веганов",700,156,4.5
241,Ресторан Дружба,"Китайская,Азиатская,Подходит для вегетарианцев",1500,292,4.0
242,Фарш,"Американская,Бар,Фастфуд,Паб",1500,253,4.0
243,Pinsa Maestrello,"Итальянская,Подходит для вегетарианцев",700,69,4.5
244,Max Brenner,"Кафе,Европейская",1500,203,4.0
245,The White Hart Pub,"Паб,Ирландская,Бар,Европейская,Британская,Центральноевропейская",1500,155,4.5
246,Twins Garden,"Русская,Европейская,Подходит для вегетарианцев,Для веганов,Безглютеновые блюда",1500,127,4.5
247,Forte Bello cafe,"Итальянская,Подходит для вегетарианцев",1500,81,4.5
248,Вилла Паста,"Итальянская,Пицца,Кафе,Европейская,Винный бар,Стейк-хаус,Средиземноморская",1500,100,4.5
249,Варка,"Американская,Бар,Паб,Закусочная",1500,85,4.5
250,Сабор де ла Вида,"Французская,Европейская,Современная,Морепродукты,Средиземноморская,Подходит для вегетарианцев,Для веганов",3000,72,4.5
251,Вьетнамское кафе Во,"Вьетнамская,Азиатская,Супы,Подходит для вегетарианцев,Для веганов",700,160,4.5
252,Ля Провинция,"Итальянская,Средиземноморская,Магазин готовой еды,Подходит для вегетарианцев",3000,156,4.5
253,Скай Лондж,"Морепродукты,Средиземноморская,Европейская,Русская,Центральноевропейская,Для веганов",3000,385,4.0
254,"Чешская пивная ""Пилзнер""","Бар,Европейская,Паб,Чешская,Восточноевропейская,Центральноевропейская,Гриль",1500,369,4.0
255,Пилпили,"Европейская,Грузинская,Подходит для вегетарианцев,Для веганов",1500,126,4.5
256,Песто кафе,"Итальянская,Пицца,Кафе,Морепродукты,Средиземноморская,Европейская,Центральноевропейская,Подходит для вегетарианцев,Для веганов",1500,260,4.0
257,Сыроварня,"Итальянская,Русская,Средиземноморская,Европейская,Центральноевропейская,Подходит для вегетарианцев,Для веганов",1500,172,4.0
258,WE Cidreria,"Французская,Бар,Европейская,Испанская,Паб,Гастропаб",1500,37,5.0
259,Paul,"Французская,Кафе,Европейская,Центральноевропейская,Подходит для вегетарианцев,Для веганов",1500,120,4.5
260,Порто Мальтезе,Европейская,1500,90,4.5
261,Остерия Марио,"Итальянская,Подходит для вегетарианцев",1500,62,5.0
262,Мистер Ли,"Китайская,Морепродукты,Суши,Азиатская,Сингапурская,Японская,Подходит для вегетарианцев,Для веганов,Безглютеновые блюда",3000,199,4.0
263,Ресторан Воронеж,"Русская,Американская,Стейк-хаус,Европейская,Центральноевропейская",1500,844,4.0
264,LET`S Restaurant&Bar;,"Европейская,Итальянская,Американская,Средиземноморская,Современная",1500,36,5.0
265,Зотман Пицца Пай,"Американская,Итальянская,Пицца,Европейская,Для веганов,Подходит для вегетарианцев",1500,300,4.0
266,Ламберджек бар,"Американская,Бар",1500,110,4.5
267,Аченти,"Средиземноморская,Итальянская,Морепродукты,Русская",1500,97,4.5
268,Cook'kareku,"Японская,Кафе,Европейская,Британская,Центральноевропейская,Подходит для вегетарианцев,Для веганов,Безглютеновые блюда",1500,756,4.0
269,Гленуилл,"Европейская,Центральноевропейская,Международная,Азиатская,Здоровая,Для веганов,Подходит для вегетарианцев",1500,140,4.5
270,Пхеньянский ресторан Корё,"Азиатская,Корейская,Гриль,Подходит для вегетарианцев,Для веганов",1500,125,4.5
271,Яффа,"Средиземноморская,Ближневосточная,Подходит для вегетарианцев,Для веганов,Кошерная,Безглютеновые блюда",1500,140,4.5
272,Мэри Джейн,"Морепродукты,Европейская,Центральноевропейская,Средиземноморская",1500,145,4.5
273,Гастропаб Pauwel KWAK,"Бельгийская,Бар,Европейская,Паб,Гастропаб,Подходит для вегетарианцев,Для веганов",1500,83,4.5
274,Roaster Coffee,"Европейская,Подходит для вегетарианцев,Для веганов",700,63,4.5
275,Узбекистан. навойи,"Азиатская,Ближневосточная,Восточноевропейская,Фьюжн,Подходит для вегетарианцев,Халяль",3000,225,4.0
276,Кухмистерская Профессора Пуфа,"Русская,Кафе,Европейская,Супы,Восточноевропейская,Подходит для вегетарианцев,Для веганов",1500,232,4.0
277,Бар-ресторан СЧАСТЬЕ на Крыше,"Русская,Европейская,Подходит для вегетарианцев,Для веганов",1500,361,4.0
278,Кимчи корейский ресторан,"Японская,Азиатская,Корейская,Супы,Подходит для вегетарианцев,Для веганов",1500,237,4.0
279,Па-Паэлья,"Морепродукты,Средиземноморская,Европейская,Испанская,Винный бар,Подходит для вегетарианцев,Для веганов",1500,161,4.5
280,ЧАЙХОНА № 1,"Азиатская,Восточноевропейская,Пицца,Суши,Грузинская,Подходит для вегетарианцев,Для веганов",1500,115,4.5
281,Белуга,"Русская,Международная,Современная,Морепродукты,Центральноевропейская,Подходит для вегетарианцев",3000,111,4.5
282,Урбан Китчен,"Бар,Кафе,Международная,Европейская,Паб,Гастропаб,Подходит для вегетарианцев,Для веганов",1500,59,5.0
283,Мандарин. Лапша и Утки,"Китайская,Тайская,Азиатская,Сингапурская,Подходит для вегетарианцев,Для веганов",1500,270,4.0
284,Каса ди фамилия,"Итальянская,Европейская,Подходит для вегетарианцев,Для веганов",1500,118,4.5
285,Черетто,"Итальянская,Пицца,Средиземноморская,Европейская,Центральноевропейская,Супы,Подходит для вегетарианцев",1500,122,4.5
286,Братья Караваевы,"Кафе,Фастфуд,Европейская,Русская,Восточноевропейская,Центральноевропейская,Подходит для вегетарианцев,Для веганов",700,177,4.0
287,GROOT Cafe-lab,"Закусочная,Международная,Подходит для вегетарианцев,Для веганов,Безглютеновые блюда",1500,90,5.0
288,Бронко,"Европейская,Подходит для вегетарианцев,Для веганов",700,75,4.5
289,Bocconcino,"Итальянская,Пицца,Морепродукты,Средиземноморская,Европейская,Подходит для вегетарианцев,Для веганов",1500,298,4.0
290,Воронеж,Закусочная,1500,257,4.0
291,Кувшин,"Европейская,Ближневосточная,Восточноевропейская",1500,147,4.5
292,Недальний Восток,"Морепродукты,Суши,Азиатская,Японская,Фьюжн,Подходит для вегетарианцев,Для веганов",3000,187,4.5
293,Тануки,"Японская,Суши,Азиатская,Морепродукты",1500,169,4.0
294,BBCafe,"Кафе,Европейская,Русская,Центральноевропейская,Гриль,Подходит для вегетарианцев,Для веганов",1500,161,4.5
295,Чайхона №1,"Японская,Пицца,Европейская,Фьюжн,Узбекская,Подходит для вегетарианцев",1500,73,4.5
296,Простые вещи new vintage,"Европейская,Центральноевропейская,Подходит для вегетарианцев,Для веганов",1500,105,4.5
297,Name,"Европейская,Русская",1500,137,4.5
298,Апрель,"Европейская,Центральноевропейская,Русская,Подходит для вегетарианцев,Для веганов",1500,94,4.5
299,Пай Поинт,"Кафе,Британская,Европейская,Подходит для вегетарианцев",1500,80,4.5
300,MEGUmi,"Японская,Морепродукты,Суши,Здоровая,Для веганов",3000,121,4.5
301,АндерСон,"Итальянская,Средиземноморская,Европейская,Русская,Центральноевропейская,Подходит для вегетарианцев",1500,84,4.5
302,Bosco Cafe,"Итальянская,Кафе,Европейская,Русская,Центральноевропейская,Подходит для вегетарианцев,Для веганов,Безглютеновые блюда",1500,749,4.0
303,Траттория Венеция,"Итальянская,Пицца,Морепродукты,Средиземноморская,Европейская,Центральноевропейская,Подходит для вегетарианцев,Для веганов",1500,190,4.0
304,Винный базар,"Бар,Морепродукты,Европейская,Паб,Винный бар,Центральноевропейская",1500,128,4.5
305,Дарбарс,"Индийская,Подходит для вегетарианцев,Для веганов",1500,241,4.0
306,Рюмка Водки Лепс,"Русская,Грузинская",1500,74,4.5
307,Хлеб Насущный,"Международная,Европейская,Русская,Центральноевропейская,Подходит для вегетарианцев,Для веганов",1500,144,4.0
308,Brisket BBQ,"Американская,Бар,Барбекю,Центральноамериканская",1500,131,4.0
309,Пиццелов,"Итальянская,Подходит для вегетарианцев,Для веганов",1500,118,4.5
310,БирХаус,"Немецкая,Бар,Морепродукты,Европейская,Паб,Центральноевропейская,Подходит для вегетарианцев",1500,269,4.0
311,Квартира 44,"Бар,Европейская,Русская,Подходит для вегетарианцев",1500,95,4.5
312,Корчма Тарас Бульба,"Украинская,Подходит для вегетарианцев",1500,81,4.5
313,Ботаника,"Европейская,Центральноевропейская,Международная,Подходит для вегетарианцев",1500,111,4.5
314,Osteria della Piazza Bianca,"Итальянская,Пицца,Средиземноморская,Европейская,Подходит для вегетарианцев,Для веганов,Безглютеновые блюда",1500,462,4.0
315,Кальянная - Барвиха Lounge,"Европейская,Подходит для вегетарианцев",1500,37,5.0
316,Bruxelles,"Бельгийская,Бар,Европейская,Паб,Центральноевропейская,Морепродукты,Подходит для вегетарианцев",1500,227,4.5
317,Пипл&Паста,"Итальянская,Морепродукты,Средиземноморская,Подходит для вегетарианцев",1500,144,4.0
318,"Паб-Ресторан ""Эрик Рыжий""","Европейская,Бар,Паб,Центральноевропейская",1500,171,4.5
319,Gayane's,"Ближневосточная,Армянская,Восточноевропейская,Подходит для вегетарианцев,Для веганов",1500,158,4.5
320,Вай Мэ!,"Грузинская,Подходит для вегетарианцев,Для веганов,Безглютеновые блюда",1500,116,4.5
321,Café Russe,"Европейская,Международная,Современная,Русская,Центральноевропейская,Подходит для вегетарианцев,Для веганов",1500,104,4.5
322,Чайхона №1,"Европейская,Узбекская,Японская,Пицца,Фьюжн,Подходит для вегетарианцев",1500,56,4.5
323,Эдж Вино Гриль,"Гриль,Подходит для вегетарианцев",1500,68,4.5
324,На Кранах,"Американская,Европейская,Центральноевропейская",1500,90,4.5
325,Jacky Jacky,"Европейская,Подходит для вегетарианцев",1500,73,4.5
326,Авокадо,"Европейская,Восточноевропейская,Центральноевропейская,Подходит для вегетарианцев,Для веганов,Безглютеновые блюда",1500,148,4.5
327,Страна которой нет,"Японская,Европейская,Азиатская,Русская,Восточноевропейская,Центральноевропейская,Международная,Подходит для вегетарианцев,Для веганов,Безглютеновые блюда",1500,609,4.0
328,Золотая Бухара,"Ближневосточная,Восточноевропейская,Узбекская,Грузинская,Фьюжн,Для веганов",1500,108,4.5
329,Джонджоли,"Супы,Восточноевропейская,Подходит для вегетарианцев,Для веганов",1500,289,4.0
330,Корчма Тарас Бульба,"Украинская,Подходит для вегетарианцев,Для веганов",1500,133,4.5
331,Му-Му,"Фастфуд,Европейская,Русская,Супы,Восточноевропейская,Центральноевропейская,Подходит для вегетарианцев,Для веганов",700,270,4.0
332,Ноев ковчег,"Армянская,Европейская,Восточноевропейская",1500,137,4.5
333,Простые вещи,"Европейская,Винный бар,Центральноевропейская",1500,142,4.0
334,Ностальжи,"Европейская,Морепродукты,Международная,Средиземноморская,Центральноевропейская",3000,83,4.5
335,Долма,"Восточноевропейская,Армянская,Кавказская,Грузинская,Подходит для вегетарианцев",1500,75,4.5
336,Старая Башня,"Европейская,Русская,Супы,Восточноевропейская,Центральноевропейская",1500,220,4.0
337,Кофейня Капучинофф,"Итальянская,Международная,Подходит для вегетарианцев,Для веганов",1500,103,4.5
338,Филиал,"Европейская,Центральноевропейская,Фьюжн,Подходит для вегетарианцев",1500,138,4.5
339,MAREA,"Морепродукты,Средиземноморская,Европейская",3000,81,4.5
340,Оджахури,"Подходит для вегетарианцев,Для веганов",1500,92,4.5
341,Oxus,"Центральноазиатская,Узбекская,Подходит для вегетарианцев",1500,56,4.5
342,Чайхона №1,"Японская,Европейская,Фьюжн,Узбекская,Подходит для вегетарианцев",1500,120,4.5
343,ББ ГРИЛЬ,"Русская,Стейк-хаус,Европейская",1500,109,4.5
344,Дюшес,"Азербайджанская,Подходит для вегетарианцев,Для веганов,Халяль",1500,116,4.5
345,Бельгийская брассери '0.33',"Бельгийская,Бар,Европейская,Паб,Центральноевропейская,Гастропаб",1500,224,4.0
346,Paul,"Французская,Европейская,Кафе,Подходит для вегетарианцев",1500,148,4.0
347,Чайхона №1,"Европейская,Японская,Фьюжн,Узбекская,Подходит для вегетарианцев,Для веганов",1500,163,4.0
348,Дизенгоф99,"Израильская,Подходит для вегетарианцев,Для веганов,Безглютеновые блюда",700,132,4.5
349,Конор Мак Несса,"Ирландская,Паб",1500,122,4.5
350,Хачапури,"Грузинская,Кафе,Подходит для вегетарианцев,Для веганов,Безглютеновые блюда",1500,133,4.0
351,Кофейня Krispy Kreme Doughnuts,"Американская,Кафе,Фастфуд",700,181,4.0
352,Кофемания,"Кафе,Европейская,Русская,Центральноевропейская,Международная,Подходит для вегетарианцев,Для веганов,Безглютеновые блюда",1500,534,4.0
353,Клёво,"Морепродукты,Средиземноморская,Подходит для вегетарианцев,Безглютеновые блюда",1500,156,4.5
354,CRAFTER,"Американская,Бар,Европейская,Центральноевропейская",700,76,4.5
355,Wine Religion Вино и Гастробар,"Средиземноморская,Европейская,Винный бар,Центральноевропейская,Гастропаб,Подходит для вегетарианцев",1500,277,4.5
356,Too Much Beer & Wine,"Европейская,Современная,Паб,Винный бар,Гастропаб,Восточноевропейская,Центральноевропейская",1500,88,4.5
357,Де Марко,"Итальянская,Японская,Морепродукты,Суши,Европейская,Центральноевропейская,Гриль",1500,139,4.5
358,Менза,"Китайская,Японская,Суши,Азиатская,Супы,Подходит для вегетарианцев,Для веганов",1500,207,4.0
359,23Tolstoy,"Европейская,Пицца,Гриль,Винный бар,Морепродукты,Русская,Подходит для вегетарианцев,Для веганов",1500,63,4.5
360,Cutfish,"Японская,Морепродукты,Суши,Азиатская,Подходит для вегетарианцев,Для веганов",1500,102,4.5
361,Му-Му,"Фастфуд,Европейская,Русская,Восточноевропейская,Центральноевропейская,Подходит для вегетарианцев,Для веганов",700,415,4.0
362,Чехов,"Европейская,Русская,Восточноевропейская,Центральноевропейская,Для веганов",1500,184,4.0
363,Колбасофф,"Немецкая,Бар,Барбекю,Европейская,Восточноевропейская,Центральноевропейская,Паб",1500,189,4.0
364,"Кафе ""Сок""","Кафе,Европейская,Центральноевропейская,Подходит для вегетарианцев,Для веганов,Безглютеновые блюда",1500,235,4.5
365,MEATless,"Гриль,Стейк-хаус,Барбекю,Европейская,Подходит для вегетарианцев,Для веганов",1500,230,4.0
366,Wine and Dine,"Американская,Стейк-хаус,Закусочная,Винный бар,Гастропаб",700,92,4.5
367,Бар «Стрелка»,"Бар,Европейская,Центральноевропейская,Международная,Для веганов,Подходит для вегетарианцев",1500,408,4.0
368,Anatoly Komm for Raff House,"Русская,Международная,Подходит для вегетарианцев",3000,73,4.5
369,Чича,"Японская,Перуанская,Латиноамериканская,Морепродукты,Суши,Южноамериканская,Подходит для вегетарианцев,Для веганов",1500,185,4.5
370,Starlite Diner,"Американская,Закусочная,Центральноамериканская",1500,308,4.0
371,Эль Гаучо,"Стейк-хаус,Барбекю,Европейская,Гриль,Аргентинская",3000,538,4.5
372,Кафе Батони,"Восточноевропейская,Кавказская,Грузинская,Подходит для вегетарианцев",1500,141,4.5
373,Guns & Bears Pub,"Британская,Американская,Бар,Европейская,Паб",1500,47,5.0
374,Москва-Дели,"Индийская,Здоровая,Подходит для вегетарианцев,Для веганов",1500,139,4.5
375,Сирена,"Морепродукты,Средиземноморская,Европейская,Центральноевропейская",3000,134,4.5
376,Дионис,"Китайская,Индийская,Перуанская,Европейская,Азиатская,Южноамериканская",1500,111,4.5
377,Имеджин кафе,"Азиатская,Бар,Кафе,Европейская,Подходит для вегетарианцев,Для веганов",1500,185,4.0
378,Пробка,"Бар,Европейская,Центральноевропейская",1500,128,4.5
379,Ресторан La Scarpetta,"Итальянская,Морепродукты,Средиземноморская,Европейская,Центральноевропейская,Подходит для вегетарианцев",1500,143,4.0
380,"Кафе ""Чайковский""","Итальянская,Европейская,Кафе,Русская,Подходит для вегетарианцев",1500,218,4.0
381,Арагви,"Грузинская,Европейская,Восточноевропейская,Армянская,Кавказская,Подходит для вегетарианцев,Для веганов",1500,108,4.5
382,Сыроварня,"Итальянская,Русская,Европейская,Центральноевропейская,Подходит для вегетарианцев",1500,100,4.5
383,Му-Му,"Кафе,Фастфуд,Европейская,Русская,Восточноевропейская,Центральноевропейская,Подходит для вегетарианцев,Для веганов",700,321,4.0
384,Insight,"Японская,Магазин готовой еды,Подходит для вегетарианцев",3000,78,4.5
385,Кухня Полли,"Европейская,Супы,Гриль,Здоровая,Подходит для вегетарианцев",700,113,4.5
386,Люче,"Итальянская,Морепродукты,Суши,Европейская,Центральноевропейская,Гриль,Подходит для вегетарианцев",3000,165,4.0
387,Кафе Есть хинкали & Пить вино,"Грузинская,Подходит для вегетарианцев,Для веганов",1500,155,4.0
388,Кулинарная лавка братьев Караваевых,"Европейская,Русская,Подходит для вегетарианцев",700,92,4.5
389,Ресторан Saxon + Parole,"Средиземноморская,Европейская,Гриль,Американская,Центральноевропейская,Подходит для вегетарианцев,Для веганов",1500,297,4.0
390,Му-Му,"Кафе,Фастфуд,Суши,Европейская,Русская,Восточноевропейская,Центральноевропейская,Подходит для вегетарианцев",700,371,4.0
391,Кабинет,"Итальянская,Гриль,Фьюжн,Подходит для вегетарианцев,Для веганов,Безглютеновые блюда",1500,177,4.5
392,Гречка Лаб,"Здоровая,Русская,Подходит для вегетарианцев,Для веганов,Безглютеновые блюда",700,81,4.5
393,Hardy Lounge,"Американская,Средиземноморская,Европейская",1500,38,5.0
394,Бублик,"Кафе,Европейская,Русская,Восточноевропейская,Центральноевропейская,Подходит для вегетарианцев",1500,458,4.0
395,Хлеб Насущный,"Международная,Европейская,Подходит для вегетарианцев,Для веганов",1500,129,4.0
396,Crab Meet,"Морепродукты,Азиатская",1500,184,4.0
397,Чипс,"Бар,Европейская,Центральноевропейская,Международная,Для веганов,Безглютеновые блюда",1500,355,4.0
398,Осторожно Cлон,"Индийская,Подходит для вегетарианцев,Для веганов",700,40,5.0
399,Альдебаранъ,"Европейская,Супы,Центральноевропейская,Итальянская,Французская,Подходит для вегетарианцев",1500,135,4.5
400,Панаехали,"Европейская,Восточноевропейская,Бар,Паб,Русская,Центральноевропейская,Подходит для вегетарианцев,Для веганов",1500,143,4.5
401,Винный базар,"Европейская,Восточноевропейская,Центральноевропейская,Подходит для вегетарианцев",1500,55,5.0
402,"Траттория ""EVI""",Итальянская,1500,103,4.5
403,Балкон,"Гриль,Современная,Винный бар",1500,230,4.0
404,Молли Малоун,"Ирландская,Бар,Европейская,Паб",1500,90,4.5
405,15/17 Bar&Grill;,"Ближневосточная,Подходит для вегетарианцев,Для веганов",1500,45,4.5
406,Стражек,"Бар,Европейская,Паб,Чешская",1500,166,4.0
407,Ресторан ДжонДжоли,"Европейская,Грузинская",1500,128,4.5
408,Adri BBQ Restaurant,"Европейская,Гриль,Центральноевропейская,Подходит для вегетарианцев",1500,100,4.5
409,Рэдиссон Ройал,"Европейская,Центральноевропейская",1500,83,4.5
410,Кристиан,"Средиземноморская,Европейская,Фьюжн,Подходит для вегетарианцев,Для веганов",1500,207,4.0
411,Чайхона №1,"Азиатская,Ближневосточная,Узбекская,Подходит для вегетарианцев,Для веганов",1500,147,4.5
412,Порто Миконос,"Греческая,Средиземноморская,Восточноевропейская,Морепродукты,Европейская,Подходит для вегетарианцев,Для веганов",1500,76,4.5
413,Pane & Olio,"Итальянская,Средиземноморская,Подходит для вегетарианцев,Для веганов",1500,156,4.5
414,Порто Мальтезе,"Морепродукты,Средиземноморская,Европейская,Центральноевропейская,Гриль,Подходит для вегетарианцев",1500,145,4.5
415,Черетто,"Итальянская,Европейская,Центральноевропейская,Подходит для вегетарианцев,Для веганов",1500,106,4.5
416,Ресторан Паризьен,"Французская,Европейская,Центральноевропейская,Морепродукты,Здоровая",3000,73,4.5
417,Бирмаркет бар,Бар,1500,105,4.5
418,Bar BQ Cafe,"Американская,Бар,Кафе,Европейская,Центральноевропейская,Подходит для вегетарианцев",1500,333,4.0
419,Семифреддо,"Итальянская,Средиземноморская,Европейская,Подходит для вегетарианцев",3000,113,4.5
420,Ресторан Бабель,"Морепродукты,Европейская,Русская,Восточноевропейская,Центральноевропейская,Украинская",3000,120,4.5
421,Джаганнат,"Индийская,Фастфуд,Азиатская,Для веганов,Безглютеновые блюда,Подходит для вегетарианцев",700,287,4.0
422,Старбакс,"Кафе,Фастфуд",1500,185,4.0
423,Пивбар Коломенское,"Паб,Гастропаб",1500,50,4.5
424,ДжонДжоли,"Восточноевропейская,Для веганов,Подходит для вегетарианцев",1500,172,4.0
425,Burger Heroes,"Европейская,Бар,Фастфуд,Паб,Подходит для вегетарианцев",700,98,4.5
426,Главпивторг,"Бар,Европейская,Русская,Восточноевропейская,Центральноевропейская",1500,304,4.0
427,Брассери Ламбик,"Бельгийская,Европейская,Центральноевропейская",1500,75,4.5
428,ВьетКафе,"Азиатская,Вьетнамская,Подходит для вегетарианцев,Для веганов",1500,180,4.0
429,Грабли,"Фастфуд,Европейская,Русская,Восточноевропейская,Центральноевропейская,Подходит для вегетарианцев,Для веганов",700,273,4.0
430,Грабли,"Европейская,Русская,Подходит для вегетарианцев,Для веганов,Безглютеновые блюда",1500,116,4.5
431,Black Market,"Американская,Суши,Европейская,Азиатская,Центральноевропейская,Для веганов,Подходит для вегетарианцев",1500,191,4.0
432,Авиатор,"Бар,Международная,Европейская,Фьюжн,Винный бар,Подходит для вегетарианцев",3000,73,4.5
433,Перелётный Kабак,"Испанская,Фьюжн,Средиземноморская",1500,31,5.0
434,Пекарня Волконский,"Кафе,Европейская,Французская,Современная",1500,143,4.5
435,Bar BQ Cafe,"Итальянская,Европейская,Подходит для вегетарианцев,Для веганов",1500,104,4.5
436,Охота мяса,"Американская,Подходит для вегетарианцев",1500,62,4.5
437,Пита & Сувлаки,"Греческая,Морепродукты,Средиземноморская,Европейская,Подходит для вегетарианцев,Для веганов",700,226,4.0
438,Чито-Ра,Подходит для вегетарианцев,700,83,4.5
439,Бобры и Утки,"Европейская,Центральноевропейская,Подходит для вегетарианцев",1500,92,4.0
440,Ботик Петра,"Морепродукты,Средиземноморская,Европейская,Супы,Центральноевропейская,Гриль",1500,99,4.5
441,Кофемания,"Кафе,Европейская,Центральноевропейская,Подходит для вегетарианцев",1500,136,4.0
442,MOS Gastronomic Smart & Casual,"Европейская,Датская,Морепродукты,Скандинавская,Подходит для вегетарианцев",1500,143,4.0
443,Ресторан Quadrum,"Итальянская,Морепродукты,Средиземноморская,Европейская,Центральноевропейская,Подходит для вегетарианцев",3000,86,4.5
444,Camorra Pizza e Birra,"Пицца,Паб с пивоварней",700,29,5.0
445,Поместье Парк,"Итальянская,Европейская,Ближневосточная,Русская,Подходит для вегетарианцев",1500,148,4.5
446,Азербайджан,"Европейская,Турецкая,Кавказская,Грузинская,Азербайджанская,Подходит для вегетарианцев",1500,104,4.5
447,Тинатин,Грузинская,1500,192,4.0
448,Чебуречная Дружба,Фастфуд,700,119,4.5
449,Филе /бистро и бар/,"Кафе,Европейская,Современная,Паб,Фьюжн,Гастропаб,Подходит для вегетарианцев,Для веганов,Безглютеновые блюда",1500,38,5.0
450,Сэлэнгэ,Международная,1500,111,4.5
451,Хинкальная на Щепкина,"Барбекю,Гриль,Подходит для вегетарианцев",700,130,4.0
452,Иль Форно,"Итальянская,Пицца,Средиземноморская,Европейская,Гриль,Подходит для вегетарианцев,Для веганов,Безглютеновые блюда",1500,336,4.0
453,Кафе Батони,"Барбекю,Кавказская,Грузинская,Подходит для вегетарианцев",1500,106,4.5
454,MASONS LOUNGE BAR,Европейская,700,24,5.0
455,Пян-се,"Азиатская,Корейская",700,54,4.5
456,"Дорогая, я перезвоню","Подходит для вегетарианцев,Для веганов",1500,126,4.5
457,Иль Форно,"Итальянская,Европейская,Подходит для вегетарианцев",1500,112,4.5
458,АндерСон,Кафе,1500,56,4.5
459,Вега,"Европейская,Русская,Центральноевропейская",1500,104,4.5
460,Zinger Grill,"Стейк-хаус,Бар,Европейская,Гриль,Подходит для вегетарианцев",1500,186,4.0
461,Bad Bro Bar,"Американская,Бар,Паб",1500,113,4.5
462,Дом Кафе,"Европейская,Кафе,Русская,Центральноевропейская",1500,199,4.0
463,Connolly Station,"Мексиканская,Европейская,Современная,Паб,Центральноевропейская,Центральноамериканская",1500,87,4.5
464,Кимчи,"Китайская,Азиатская,Корейская,Подходит для вегетарианцев",1500,79,4.5
465,Торро Гриль,"Стейк-хаус,Барбекю,Европейская,Гриль,Центральноевропейская",1500,139,4.5
466,Хлеб Насущный,"Международная,Европейская,Центральноевропейская,Русская,Подходит для вегетарианцев,Для веганов",1500,141,4.0
467,Пеши,"Морепродукты,Средиземноморская,Здоровая,Французская,Японская,Подходит для вегетарианцев,Для веганов,Безглютеновые блюда",3000,108,4.5
468,Акварель,"Морепродукты,Европейская,Кафе,Гриль",1500,52,4.5
469,Ресторан ДжонДжоли,"Европейская,Ближневосточная,Восточноевропейская,Подходит для вегетарианцев",1500,247,4.0
470,Вареничная №1,"Европейская,Русская",1500,154,4.0
471,Пауэль КВАК Паб,"Бельгийская,Бар,Европейская,Паб,Гастропаб",1500,51,4.5
472,Траттория Венеция,"Итальянская,Морепродукты",1500,105,4.5
473,Корчма Тарас Бульба,"Русская,Восточноевропейская,Украинская",1500,141,4.5
474,Огни,Фьюжн,1500,75,4.5
475,Ла Специя,"Итальянская,Пицца,Европейская,Подходит для вегетарианцев,Для веганов",1500,74,4.5
476,Ресторан SIXTY,"Европейская,Русская,Морепродукты,Восточноевропейская,Центральноевропейская,Для веганов,Безглютеновые блюда,Подходит для вегетарианцев",3000,1624,4.0
477,IL Pizzaiolo,"Итальянская,Пицца,Средиземноморская,Центральноевропейская,Морепродукты,Европейская,Подходит для вегетарианцев,Для веганов",1500,99,4.5
478,Чайна клаб,"Китайская,Азиатская,Морепродукты,Европейская,Гриль",3000,87,4.5
479,Хлеб Насущный,"Русская,Центральноевропейская,Подходит для вегетарианцев,Для веганов",1500,173,4.0
480,Тутти и Джорни,"Итальянская,Средиземноморская",1500,126,4.0
481,Ketch Up Moscow,"Американская,Средиземноморская,Фьюжн,Подходит для вегетарианцев,Для веганов",1500,157,4.0
482,Кофемания,"Кафе,Европейская",1500,108,4.5
483,Ресторан Братья Третьяковы,"Европейская,Русская,Центральноевропейская,Для веганов,Подходит для вегетарианцев",1500,172,4.0
484,Академия,"Итальянская,Пицца,Европейская,Центральноевропейская,Подходит для вегетарианцев",1500,196,4.0
485,Ресторан Дамас,"Средиземноморская,Ближневосточная,Морепродукты,Европейская,Ливанская,Центральноевропейская",1500,132,4.0
486,Ароматная река,"Вьетнамская,Подходит для вегетарианцев",700,79,4.5
487,Ресторан Кеци,Подходит для вегетарианцев,1500,102,4.5
488,Cristal Room Baccarat,"Европейская,Центральноевропейская,Французская,Морепродукты",3000,63,4.5
489,Menu,"Французская,Европейская",3000,91,4.5
490,Гудман Стейк-Хаус,"Стейк-хаус,Бар,Барбекю,Европейская,Центральноевропейская,Американская",1500,211,4.5
491,Scrocchiarella,"Итальянская,Пицца,Подходит для вегетарианцев,Для веганов",1500,139,4.0
492,Балчуг гриль,"Европейская,Русская,Центральноевропейская",3000,75,4.5
493,Ресторан Shake Shack,"Американская,Фастфуд",1500,232,4.0
494,АйДаБаран,"Европейская,Международная,Гриль",1500,121,4.0
495,Florentini City Cafe,"Итальянская,Подходит для вегетарианцев,Для веганов",1500,102,4.5
496,Кофемания,"Кафе,Европейская,Центральноевропейская,Подходит для вегетарианцев,Для веганов",1500,146,4.0
497,Кафе Рецептор,"Китайская,Индийская,Азиатская,Европейская,Здоровая",3000,62,4.5
498,Мясо,"Стейк-хаус,Барбекю,Европейская,Центральноевропейская",1500,117,4.0
499,Rose Bar Moscow,"Морепродукты,Средиземноморская,Европейская,Центральноевропейская,Бар,Фьюжн,Подходит для вегетарианцев,Для веганов",1500,131,4.0
500,Дабл Би,Кафе,1500,169,4.5
501,АндерСон,"Русская,Подходит для вегетарианцев",1500,64,4.5
502,Пивной Ресторан Ян Примус,Европейская,1500,94,4.5
503,Валенок,"Французская,Магазин готовой еды,Супы,Европейская,Русская,Подходит для вегетарианцев,Для веганов,Безглютеновые блюда",1500,519,4.0
504,Шанти,"Азиатская,Тайская,Вьетнамская,Фьюжн,Подходит для вегетарианцев",1500,92,4.5
505,ПЛАМ ресторан,"Итальянская,Европейская,Тайская,Русская",1500,67,4.5
506,Будвар,Центральноевропейская,1500,179,4.5
507,Бистро и Бар Чугунный Мост,"Европейская,Паб,Гастропаб,Бар,Фьюжн",1500,131,4.0
508,Антон Палыч,Европейская,1500,28,5.0
509,Ресторан-Теплоход Ласточка,"Итальянская,Японская,Средиземноморская,Европейская,Азиатская",3000,100,4.5
510,Upside Down Cake & Co,"Американская,Кафе,Европейская,Подходит для вегетарианцев",1500,170,4.0
511,Теремок,"Фастфуд,Русская,Подходит для вегетарианцев",700,147,4.0
512,Бар Герои,"Американская,Бар,Фьюжн",1500,60,4.5
513,Пекарня Мишеля,"Французская,Европейская,Центральноевропейская",1500,190,4.0
514,Козловица,"Бар,Европейская,Паб,Чешская,Паб с пивоварней",1500,169,4.0
515,Кофейня Coffee Bean,"Кафе,Европейская,Современная",1500,66,4.5
516,Шатер,"Европейская,Подходит для вегетарианцев",1500,80,4.0
517,Иль Форно,"Итальянская,Пицца,Средиземноморская,Европейская,Подходит для вегетарианцев,Для веганов",1500,162,4.0
518,Fish Point на Симферопольском шоссе,Русская,1500,95,4.5
519,Тоже Паб,"Бар,Ирландская,Европейская,Паб,Центральноевропейская",1500,32,5.0
520,Brawler's Pub,"Ирландская,Европейская,Бар,Британская,Паб",1500,63,4.5
521,Cheese Connection,"Европейская,Подходит для вегетарианцев",1500,119,4.0
522,Ит & Ток,"Бар,Кафе,Европейская,Русская,Центральноевропейская,Подходит для вегетарианцев,Для веганов",1500,177,4.0
523,Nofar,"Восточноевропейская,Подходит для вегетарианцев,Для веганов",1500,70,4.5
524,Шатер,"Морепродукты,Европейская,Американская,Ближневосточная,Подходит для вегетарианцев,Для веганов",1500,219,4.0
525,Calicano,"Мексиканская,Американская,Латиноамериканская,Бар,Испанская,Паб",1500,77,4.5
526,Русская Закусочная,"Морепродукты,Русская,Восточноевропейская",1500,60,4.5
527,The 12 Wine Bar,Европейская,1500,31,5.0
528,Лучиано,"Итальянская,Пицца,Средиземноморская,Европейская,Центральноевропейская,Подходит для вегетарианцев,Для веганов",1500,172,4.0
529,Ив. Дурдинъ,"Европейская,Русская,Центральноевропейская,Гриль",1500,133,4.0
530,Гандара,"Индийская,Европейская,Азиатская,Пакистанская,Ближневосточная,Халяль,Подходит для вегетарианцев,Для веганов",1500,74,4.5
531,Корчма Тарас Бульба,"Восточноевропейская,Украинская",1500,69,4.5
532,Кафе Amici,"Итальянская,Европейская,Французская,Пицца,Средиземноморская,Винный бар",1500,119,4.0
533,Типси паб,"Бар,Паб",1500,90,4.5
534,Vаниль,"Французская,Морепродукты,Средиземноморская,Европейская,Гриль,Русская,Центральноевропейская,Подходит для вегетарианцев",3000,186,4.0
535,"Бар ""Подозрительные лица""","Европейская,Центральноевропейская",700,27,5.0
536,Цветение сакуры,"Японская,Морепродукты,Суши,Подходит для вегетарианцев",1500,123,4.0
537,Китайские новости,"Китайская,Азиатская,Бар,Кафе,Здоровая,Тайваньская,Подходит для вегетарианцев",1500,79,4.5
538,Братья Караваевы,"Русская,Европейская,Центральноевропейская,Подходит для вегетарианцев,Для веганов",700,109,4.0
539,Да Пино,"Европейская,Гриль,Итальянская,Пицца,Морепродукты",1500,50,4.5
540,Бакинский бульвар,"Европейская,Современная,Ближневосточная",1500,83,4.5
541,Джонджоли,"Гриль,Ближневосточная,Подходит для вегетарианцев,Для веганов",1500,96,4.5
542,Корчма Тарас Бульба,"Русская,Украинская,Подходит для вегетарианцев",1500,100,4.5
543,Конверсейшн,"Американская,Кафе,Европейская,Подходит для вегетарианцев",1500,214,4.0
544,Журфак,"Европейская,Русская",1500,111,4.0
545,Мумий Тролль Мьюзик бар,"Бар,Международная,Русская,Морепродукты,Европейская,Паб",1500,310,4.0
546,Менза,"Японская,Азиатская,Тайская,Китайская,Суши,Европейская,Центральноевропейская,Подходит для вегетарианцев",1500,133,4.0
547,NUDE,"Кафе,Европейская,Винный бар,Центральноевропейская",1500,80,4.5
548,Авокадо,"Индийская,Европейская,Центральноевропейская,Подходит для вегетарианцев,Для веганов",1500,98,4.5
549,Вареничная №1,"Украинская,Русская,Подходит для вегетарианцев,Для веганов",700,395,4.0
550,Кальянная - Мята Lounge | Moscow,Европейская,3000,69,4.5
551,Чайхана Шурпа,"Ближневосточная,Восточноевропейская,Подходит для вегетарианцев,Для веганов,Халяль,Безглютеновые блюда",1500,150,4.0
552,Вареничная №1,"Русская,Украинская,Подходит для вегетарианцев,Для веганов",1500,934,4.0
553,Колхида,"Международная,Грузинская",1500,104,4.0
554,Руккола,"Итальянская,Пицца,Средиземноморская,Европейская,Центральноевропейская,Подходит для вегетарианцев,Для веганов",1500,328,4.0
555,Ти-Бон Wine,"Стейк-хаус,Европейская",3000,97,4.5
556,Стейк-хаус Ти-Бон Wine,"Русская,Стейк-хаус,Барбекю,Европейская",1500,101,4.5
557,Абажур Домашнее кафе,"Кафе,Русская,Европейская,Подходит для вегетарианцев",1500,47,4.5
558,Бабетта,"Американская,Европейская,Здоровая,Итальянская,Пицца,Средиземноморская,Центральноевропейская,Подходит для вегетарианцев,Для веганов",1500,329,4.0
559,Корчма Тарас Бульба,"Здоровая,Винный бар,Украинская,Подходит для вегетарианцев,Для веганов",1500,120,4.5
560,Ресторан-яхта «Чайка»,"Европейская,Итальянская,Морепродукты,Средиземноморская,Восточноевропейская,Центральноевропейская,Азиатская",3000,146,4.5
561,Fish Point на Новорижском шоссе,"Гриль,Морепродукты,Русская",3000,125,4.5
562,Андерсон,"Кафе,Европейская,Центральноевропейская,Подходит для вегетарианцев,Для веганов",1500,175,4.5
563,Кольчуга,"Гриль,Русская",1500,54,4.5
564,Дом 12,"Европейская,Центральноевропейская,Подходит для вегетарианцев",1500,132,4.0
565,Жигули,"Бар,Европейская,Русская",1500,236,4.0
566,Ресторан Местечко,"Европейская,Израильская,Ближневосточная,Кошерная",1500,38,4.5
567,Chez Maman,"Французская,Европейская,Центральноевропейская,Подходит для вегетарианцев",1500,159,4.0
568,Итальянское кафе Пекорино,Европейская,1500,95,4.5
569,Аист,"Японская,Русская,Итальянская,Подходит для вегетарианцев,Для веганов",3000,274,4.0
570,Теремок,"Русская,Восточноевропейская,Европейская,Центральноевропейская",700,65,4.5
571,Брусника кондитерская-кулинария,"Европейская,Русская,Подходит для вегетарианцев,Для веганов",1500,148,4.0
572,What a Pita,"Средиземноморская,Израильская,Ближневосточная,Фастфуд,Европейская,Подходит для вегетарианцев,Для веганов,Безглютеновые блюда,Кошерная",700,45,4.5
573,Джей Хинд,"Индийская,Азиатская,Подходит для вегетарианцев,Для веганов",1500,96,4.5
574,Му-Му,"Японская,Европейская,Русская,Восточноевропейская",700,167,4.0
575,Бараshка,"Ближневосточная,Восточноевропейская,Для веганов",1500,124,4.0
576,Луч,"Азиатская,Бар,Суши,Европейская,Гастропаб,Центральноевропейская,Подходит для вегетарианцев",1500,173,4.0
577,В ТЕМНОТЕ?!,"Европейская,Подходит для вегетарианцев,Для веганов",1500,227,4.0
578,Джимми Ли,"Китайская,Азиатская,Морепродукты,Подходит для вегетарианцев,Для веганов",1500,82,4.5
579,бар Разведка,"Итальянская,Европейская,Британская,Ближневосточная,Русская",1500,62,4.5
580,Nord 55 Moscow,"Международная,Морепродукты,Средиземноморская",1500,46,4.5
581,Хинкали Хаус,Гриль,1500,80,4.5
582,Торро Гриль,Стейк-хаус,1500,68,4.5
583,Хлеб Насущный,"Международная,Европейская,Подходит для вегетарианцев,Для веганов",1500,246,4.0
584,Бар-буфет Николай,"Бар,Европейская,Паб,Русская",1500,83,4.5
585,Lure Oyster Bar,"Средиземноморская,Европейская,Морепродукты,Фьюжн",1500,24,5.0
586,Труффальдино,"Пицца,Итальянская,Морепродукты,Подходит для вегетарианцев",1500,83,4.0
587,Яръ,"Европейская,Восточноевропейская,Русская",3000,123,4.0
588,Белфаст,"Ирландская,Европейская",1500,75,4.5
589,Osteria Mario,"Итальянская,Морепродукты,Пицца,Европейская,Подходит для вегетарианцев,Для веганов,Безглютеновые блюда",1500,134,4.0
590,Ермак,"Современная,Русская,Супы,Подходит для вегетарианцев,Для веганов",3000,93,4.5
591,Burger Story,Американская,1500,54,4.5
592,Mollie’s,"Ирландская,Бар,Европейская,Паб,Центральноевропейская",1500,119,4.0
593,Zest Coffee&Wine;,"Европейская,Подходит для вегетарианцев,Для веганов",1500,43,4.5
594,Бенвенуто,Итальянская,1500,95,4.0
595,Пинцерия Бонтемпи,"Итальянская,Подходит для вегетарианцев",1500,25,5.0
596,Швили,"Грузинская,Подходит для вегетарианцев,Для веганов",1500,76,4.5
597,Кафе Сайгон,"Кафе,Вьетнамская",700,89,4.5
598,Уютное место,"Итальянская,Европейская,Подходит для вегетарианцев,Для веганов",1500,50,4.5
599,Ламбик,"Бельгийская,Европейская",1500,88,4.0
600,Тильда,"Европейская,Азиатская,Скандинавская",1500,29,5.0
601,Дед Пихто,"Европейская,Русская,Центральноевропейская,Подходит для вегетарианцев",1500,107,4.5
602,Хачапурия,"Восточноевропейская,Подходит для вегетарианцев",1500,133,4.0
603,Панч & Джуди,"Бар,Европейская,Паб,Центральноевропейская",1500,175,4.0
604,"Семейное Кафе ""АндерСон на Даче""","Европейская,Подходит для вегетарианцев,Для веганов",1500,107,4.0
605,Нур,"Бар,Европейская,Международная,Современная",1500,132,4.0
606,The Lounge,"Бар,Морепродукты,Паб",1500,38,4.5
607,Тайм Аут Бар,"Бар,Европейская,Центральноевропейская,Подходит для вегетарианцев,Для веганов",1500,261,4.0
608,Бункер-42,"Европейская,Русская,Центральноевропейская,Подходит для вегетарианцев",1500,108,4.0
609,Фотоувеличение,"Кафе,Паб,Фьюжн,Винный бар,Гастропаб,Подходит для вегетарианцев,Для веганов,Безглютеновые блюда",3000,24,5.0
610,Рассольников,"Европейская,Русская,Подходит для вегетарианцев",1500,65,4.5
611,Простые вещи,"Европейская,Винный бар,Центральноевропейская,Подходит для вегетарианцев,Для веганов",1500,220,4.0
612,Батчери,"Европейская,Гриль,Винный бар,Центральноевропейская",1500,90,4.0
613,Примавера,"Итальянская,Морепродукты,Европейская,Подходит для вегетарианцев,Для веганов",1500,106,4.0
614,Гудман,Стейк-хаус,1500,95,4.0
615,Илларион,Кафе,700,94,4.5
616,АндерСон для Пап,"Кафе,Европейская",1500,132,4.0
617,"Ресторан ""На Мосфильмовской""","Итальянская,Европейская,Русская,Подходит для вегетарианцев,Для веганов,Безглютеновые блюда",3000,105,4.5
618,Mendeleev Bar,Бар,1500,166,4.0
619,Bro&n; Pizzeria,"Итальянская,Пицца,Средиземноморская,Подходит для вегетарианцев",1500,78,4.0
620,Laffa Laffa,"Ливанская,Ближневосточная,Израильская,Подходит для вегетарианцев,Для веганов",1500,121,4.0
621,Вареничная №1,"Русская,Для веганов,Подходит для вегетарианцев",1500,267,4.0
622,"Кафе-буузная ""Алтаргана""","Азиатская,Монгольская",1500,42,4.5
623,Кафе Музея Гараж,"Кафе,Европейская,Центральноевропейская,Подходит для вегетарианцев",1500,81,4.5
624,Кафе Блан де Блан,"Французская,Средиземноморская,Европейская,Подходит для вегетарианцев",1500,72,4.5
625,"Бар-буфет ""Николай""","Бар,Европейская,Паб,Русская",700,71,4.5
626,Rustic,"Итальянская,Пицца,Подходит для вегетарианцев",1500,67,4.5
627,Ресторан Дизайн,"Итальянская,Средиземноморская,Европейская,Русская",1500,71,4.5
628,Craft Kitchen,"Средиземноморская,Европейская,Азиатская,Паб,Фьюжн,Гастропаб,Подходит для вегетарианцев,Для веганов,Безглютеновые блюда",1500,99,4.5
629,Родные люди,Подходит для вегетарианцев,1500,54,4.5
630,Виват Пицца,"Итальянская,Пицца",1500,70,4.5
631,Бар Mandarin Combustible,"Китайская,Бар,Азиатская,Европейская,Подходит для вегетарианцев",1500,143,4.0
632,Black Star Burger,"Фастфуд,Американская,Европейская,Подходит для вегетарианцев,Для веганов,Халяль",700,310,4.0
633,"Кафе ""Натахтари"" на Сретенке",Грузинская,1500,122,4.5
634,Ромбус Кафе и Бар,"Французская,Европейская,Бар,Кафе,Паб,Средиземноморская,Подходит для вегетарианцев,Для веганов",1500,53,5.0
635,Хинкальная,Восточноевропейская,1500,137,4.0
636,Jeffrey's Coffee на Арбате,Американская,700,31,4.5
637,StrEAT,"Американская,Испанская,Индейская,Израильская,Грузинская",3000,35,4.5
638,Тануки на Пятницкой 53,"Японская,Суши,Азиатская,Подходит для вегетарианцев,Для веганов",1500,170,4.0
639,Шоколадница,"Кафе,Европейская,Центральноевропейская,Подходит для вегетарианцев",1500,193,4.0
640,Мицва Бар,"Израильская,Бар,Для веганов,Подходит для вегетарианцев",1500,155,4.0
641,Микроб,Европейская,1500,83,4.0
642,Beluga Caviar Bar,"Европейская,Русская,Восточноевропейская,Морепродукты",3000,76,4.5
643,Булошная,"Средиземноморская,Европейская,Русская,Французская",1500,72,4.5
644,Ресторан Грузинской Кухни,"Европейская,Русская,Грузинская,Подходит для вегетарианцев",1500,44,4.5
645,Нани,"Ближневосточная,Восточноевропейская,Подходит для вегетарианцев",1500,105,4.5
646,Кафе-Хинкальная Рача,"Европейская,Кавказская,Грузинская",1500,46,4.5
647,Боргато,"Итальянская,Средиземноморская,Европейская,Русская",1500,91,4.5
648,Пиросмани,Подходит для вегетарианцев,1500,106,4.0
649,Ресторан Жизнь Пи,"Индийская,Азиатская,Подходит для вегетарианцев,Для веганов",1500,148,4.0
650,Пельменная лавка,"Европейская,Русская,Восточноевропейская",700,22,5.0
651,Бакинский Дворик,"Морепродукты,Европейская,Гриль,Ближневосточная,Израильская,Подходит для вегетарианцев",1500,57,4.5
652,Своя компания,Международная,3000,59,4.5
653,Остерия il Массимо,"Итальянская,Подходит для вегетарианцев",1500,71,4.5
654,Tutta La Vita,"Итальянская,Пицца,Морепродукты,Средиземноморская,Европейская,Подходит для вегетарианцев",1500,164,4.0
655,Корчма Тарас Бульба,"Европейская,Русская,Супы,Украинская",1500,106,4.0
656,Мясной ресторан 45°/60°,"Стейк-хаус,Европейская",1500,67,4.5
657,Ресторан Брайтон,"Европейская,Русская",1500,56,4.5
658,Де Марко,"Европейская,Итальянская,Японская,Суши",1500,49,4.5
659,"Ресторан ""Базар"" ТРЦ Columbus","Итальянская,Европейская,Здоровая,Русская,Гриль",700,42,4.5
660,Винотека Grape,"Европейская,Винный бар",1500,30,5.0
661,Кафе & Гриль «Мясо Ели Мужики»,"Барбекю,Бар,Европейская,Гриль,Паб",1500,96,4.0
662,Фюжн плаза,"Индийская,Азиатская,Для веганов",1500,45,4.5
663,Ресторан Абрамовъ,"Европейская,Русская,Подходит для вегетарианцев,Для веганов",1500,28,5.0
664,Де Марко,"Итальянская,Фьюжн,Подходит для вегетарианцев",1500,57,4.5
665,Спеттаколо,"Итальянская,Пицца,Морепродукты,Средиземноморская,Фьюжн,Подходит для вегетарианцев,Для веганов,Безглютеновые блюда",1500,86,5.0
666,Бразилиан Ресторан,"Бразильская,Латиноамериканская,Бар,Кафе,Паб,Подходит для вегетарианцев",1500,159,4.0
667,Seven,"Международная,Средиземноморская,Современная,Винный бар,Морепродукты,Подходит для вегетарианцев",1500,61,4.5
668,Зотман Пицца Пай,"Европейская,Итальянская,Американская,Пицца,Подходит для вегетарианцев",1500,56,4.5
669,Eataly,"Итальянская,Пицца,Морепродукты,Средиземноморская,Европейская,Подходит для вегетарианцев,Для веганов,Безглютеновые блюда",1500,159,4.0
670,Ресторан Ц.Д.Л.,"Русская,Подходит для вегетарианцев",3000,181,4.5
671,Брикс Бар,"Винный бар,Центральноевропейская,Бар,Европейская",1500,78,4.5
672,Chef Steak&Bar;,"Стейк-хаус,Барбекю,Турецкая",3000,115,4.0
673,Шоколад,"Японская,Европейская,Подходит для вегетарианцев",1500,85,4.0
674,ДАБЛБИ,Кафе,1500,61,4.5
675,Bella Pasta,"Итальянская,Подходит для вегетарианцев",1500,99,4.0
676,Че Аргентино,"Бразильская,Испанская,Гриль,Аргентинская,Южноамериканская",1500,57,4.5
677,Cocktailnaya Bar,"Бар,Европейская,Стейк-хаус,Гриль,Гастропаб,Подходит для вегетарианцев",1500,55,5.0
678,Курвуазье,Европейская,1500,92,4.0
679,Трактир Пожарского,Русская,3000,39,4.5
680,Домашний Компот,"Европейская,Русская",700,32,4.5
681,Ресторан La Taverna,"Итальянская,Французская,Морепродукты,Средиземноморская,Европейская,Греческая",1500,111,4.0
682,Кафе Арарат,"Армянская,Кавказская",1500,56,4.5
683,Шоколад,"Японская,Европейская",1500,57,4.5
684,Рибамбель Грин,Европейская,1500,93,4.0
685,Обед Буфет Метрополис,"Европейская,Русская,Восточноевропейская,Центральноевропейская,Подходит для вегетарианцев,Для веганов",700,142,4.0
686,Шикари,"Азиатская,Тайская,Индонезийская,Подходит для вегетарианцев,Для веганов",1500,35,4.5
687,Вареничная №1,"Русская,Европейская,Восточноевропейская,Центральноевропейская,Подходит для вегетарианцев",1500,78,4.0
688,Траттория Примавера,Итальянская,1500,133,4.0
689,Последняя капля,"Бар,Европейская,Паб,Русская",1500,90,4.5
690,True Burgers,Подходит для вегетарианцев,700,79,4.5
691,Джон Донн Паб,"Бар,Европейская,Британская,Паб",1500,148,4.0
692,Madwinebar,"Европейская,Подходит для вегетарианцев,Для веганов",1500,50,4.5
693,Чайхона №1,"Японская,Пицца,Морепродукты,Международная,Европейская,Фьюжн,Узбекская,Подходит для вегетарианцев",1500,63,4.5
694,Florentini City Cafe,"Итальянская,Морепродукты,Европейская,Супы,Центральноевропейская",1500,76,4.5
695,Sky Food Cafe,"Итальянская,Французская,Испанская,Фьюжн,Русская,Подходит для вегетарианцев",1500,37,4.5
696,Да Пино,"Пицца,Европейская,Итальянская,Морепродукты,Гриль",1500,116,4.0
697,Food Embassy by Julia Vysotskaya,"Итальянская,Американская,Испанская,Русская,Европейская,Для веганов,Подходит для вегетарианцев",1500,295,3.5
698,Брассери Ламбик,"Европейская,Гриль",1500,60,4.0
699,OVO by Carlo Cracco,"Итальянская,Морепродукты,Средиземноморская,Подходит для вегетарианцев,Для веганов,Безглютеновые блюда",3000,45,5.0
700,"Бар ""Шаляпин""","Бар,Европейская,Русская,Центральноевропейская",1500,52,4.5
701,Ресторан Армения,"Ближневосточная,Армянская,Европейская,Восточноевропейская,Подходит для вегетарианцев",1500,141,4.0
702,"Клуб ""16 Тонн""","Паб с пивоварней,Бар,Европейская,Гриль",1500,164,4.0
703,Долмама,"Европейская,Восточноевропейская,Армянская,Ближневосточная",3000,61,4.5
704,Hills,"Средиземноморская,Европейская,Гриль,Французская,Подходит для вегетарианцев",1500,56,4.5
705,Zю,"Итальянская,Японская,Азиатская,Тайская,Вьетнамская,Малазийская,Китайская,Кафе,Подходит для вегетарианцев",1500,118,4.0
706,G. Graf,"Средиземноморская,Европейская,Магазин готовой еды,Фьюжн,Современная",3000,37,4.5
707,Смитс английский паб,"Европейская,Паб,Гастропаб,Бар,Подходит для вегетарианцев",1500,35,4.5
708,Остерия Марио,"Итальянская,Европейская,Подходит для вегетарианцев,Для веганов",1500,90,4.0
709,Ulysses Pub,"Ирландская,Международная,Европейская,Паб,Винный бар",1500,32,4.5
710,Fumisawa Sushi,"Японская,Морепродукты,Суши,Азиатская,Подходит для вегетарианцев",3000,84,4.0
711,Пауланер Браухаус Олимпик,"Немецкая,Европейская,Центральноевропейская,Бар,Паб,Подходит для вегетарианцев",1500,85,4.0
712,"Чешская пивная ""Пилзнер""","Бар,Европейская,Паб,Чешская,Гриль",1500,122,4.0
713,Оптимист,"Европейская,Хорватская,Центральноевропейская",1500,105,4.0
714,"Бар-буфет ""Николай""","Европейская,Русская,Бар",1500,52,4.5
715,Иль Питторе,"Итальянская,Пицца,Морепродукты,Средиземноморская,Подходит для вегетарианцев,Для веганов",1500,75,4.5
716,Лёд & Пламя,"Стейк-хаус,Морепродукты,Европейская,Международная,Паб,Гастропаб",1500,31,4.5
717,Булка,"Европейская,Центральноевропейская,Кафе",1500,127,4.0
718,Бабай Клаб,"Узбекская,Подходит для вегетарианцев",1500,24,5.0
719,Урюк,"Европейская,Узбекская,Кавказская",1500,64,4.5
720,Гин-но Таки,"Японская,Морепродукты,Суши,Азиатская,Восточноевропейская,Гриль,Для веганов",1500,233,4.0
721,H.A.N.D. Have A Nice Day,"Подходит для вегетарианцев,Для веганов,Безглютеновые блюда",1500,64,4.5
722,Джонджоли,"Восточноевропейская,Подходит для вегетарианцев",1500,129,4.0
723,"Чешская пивная ""Пилзнер""","Бар,Европейская,Паб,Чешская,Восточноевропейская,Центральноевропейская",1500,161,4.0
724,Ресторан Дубрава,"Средиземноморская,Европейская,Русская",1500,69,4.5
725,Бик Кау,"Морепродукты,Вьетнамская,Барбекю,Гриль,Подходит для вегетарианцев",1500,64,4.5
726,Корчма Тарас Бульба,"Украинская,Подходит для вегетарианцев,Для веганов",1500,193,4.5
727,Howard Loves Craft,"Бар,Паб",1500,31,4.5
728,Хлеб и Вино,"Европейская,Центральноевропейская",1500,131,4.0
729,Ла Боттега,"Итальянская,Европейская,Винный бар,Средиземноморская",1500,128,4.5
730,Якитория,"Суши,Японская",1500,84,4.0
731,Клубный Дом SVOY,"Европейская,Современная,Фьюжн,Подходит для вегетарианцев,Для веганов",1500,49,5.0
732,19 Bar & Atmosphere,"Итальянская,Средиземноморская,Морепродукты",1500,69,4.0
733,Двор кафе,"Итальянская,Японская,Кафе,Европейская",1500,44,4.5
734,Московское Небо,"Кафе,Гриль,Современная,Винный бар,Русская",1500,123,4.0
735,Пицца Аморэ,"Итальянская,Пицца",1500,70,4.5
736,Тапчан,"Японская,Европейская,Ближневосточная,Фьюжн",1500,99,4.0
737,Бабай-клаб,"Азиатская,Фьюжн,Ближневосточная,Восточноевропейская,Подходит для вегетарианцев",1500,106,4.0
738,Бон Апп кафе,"Итальянская,Европейская,Русская,Центральноевропейская,Бар,Кафе,Подходит для вегетарианцев",1500,78,4.5
739,Ресторан Garden Lounge,Европейская,3000,51,4.5
740,Аруба,"Карибская,Бар,Русская,Кубинская,Испанская",1500,56,4.5
741,Белая Русь,"Русская,Восточноевропейская,Центральноевропейская,Европейская,Подходит для вегетарианцев",1500,111,4.0
742,Il Pittore,"Итальянская,Морепродукты,Средиземноморская,Европейская,Подходит для вегетарианцев,Для веганов",1500,151,4.0
743,Эмпорио Армани Кафе,"Кафе,Европейская,Японская,Бар",1500,64,4.0
744,Ресторан Веранда,"Центральноевропейская,Средиземноморская,Европейская,Русская,Подходит для вегетарианцев",3000,51,4.5
745,Козловица,"Европейская,Чешская,Центральноевропейская",1500,111,4.0
746,Мясо & Рыба,Русская,1500,100,4.0
747,Синяя река,"Вьетнамская,Гриль,Подходит для вегетарианцев",1500,58,4.5
748,Экспресс Буфет,"Европейская,Русская",700,36,4.5
749,Хон Гиль Дон,"Китайская,Азиатская,Корейская,Вьетнамская,Бар",1500,56,4.0
750,Пиацца Итальяна,"Средиземноморская,Итальянская,Морепродукты,Гриль,Подходит для вегетарианцев",3000,49,4.5
751,Дринкит,Европейская,700,46,4.5
752,Хаджурао,"Индийская,Азиатская,Для веганов",1500,112,4.0
753,True Cost Прожектор,"Международная,Европейская,Подходит для вегетарианцев,Для веганов",1500,203,4.0
754,Корчма Тарас Бульба,"Восточноевропейская,Украинская,Подходит для вегетарианцев",1500,78,4.5
755,Ланчерия Лафлафель,"Индийская,Израильская,Подходит для вегетарианцев,Для веганов",1500,69,4.5
756,Ресторан Ноян Тун,"Европейская,Армянская,Восточноевропейская,Центральноевропейская",1500,92,4.5
757,Arbat Beer & Grill,"Стейк-хаус,Морепродукты,Европейская,Гриль,Русская",3000,43,4.5
758,Тифлисский Дворик,"Грузинская,Подходит для вегетарианцев,Для веганов",1500,149,4.0
759,Bocconcino,"Итальянская,Пицца,Морепродукты,Средиземноморская,Европейская,Гриль,Супы",1500,88,4.0
760,ERWIN.РЕКА,Русская,1500,46,4.5
761,Чебуречная,Русская,700,56,4.0
762,Паб Бостон,"Ирландская,Европейская",1500,79,4.0
763,Чайна Дрим,"Китайская,Морепродукты,Подходит для вегетарианцев",1500,87,4.0
764,Эль Гаучито,"Стейк-хаус,Латиноамериканская,Аргентинская,Европейская,Гриль,Центральноевропейская,Южноамериканская,Подходит для вегетарианцев",3000,56,4.5
765,Цубаки,"Японская,Морепродукты,Суши,Подходит для вегетарианцев",1500,43,4.5
766,Пицца Пеппе,"Итальянская,Пицца,Европейская",1500,88,4.0
767,BEERBURGERPUB. Бургерная. Пивной бутик.,"Американская,Европейская",1500,33,4.5
768,Ламбик,"Бельгийская,Европейская",1500,41,4.5
769,Му-Му,"Фастфуд,Европейская,Русская,Восточноевропейская,Центральноевропейская,Для веганов",700,93,4.0
770,Романов,"Русская,Центральноевропейская,Средиземноморская,Европейская,Восточноевропейская",1500,45,4.5
771,ВьетКафе,"Вьетнамская,Подходит для вегетарианцев",1500,75,4.0
772,Фаршмаг,Международная,1500,73,4.0
773,"Федя, дичь!",Русская,1500,93,4.0
774,Светлый,"Средиземноморская,Европейская,Подходит для вегетарианцев",3000,82,4.0
775,Андерсон,"Кафе,Европейская,Русская,Восточноевропейская,Центральноевропейская,Подходит для вегетарианцев,Для веганов,Безглютеновые блюда",1500,243,4.5
776,Community,"Европейская,Подходит для вегетарианцев,Для веганов,Безглютеновые блюда",1500,50,4.5
777,Остерия Марио,"Итальянская,Средиземноморская,Европейская",1500,26,4.5
778,Ресторан Бифштекс,"Стейк-хаус,Европейская,Русская",1500,59,4.5
779,Примавера,"Итальянская,Подходит для вегетарианцев",1500,47,4.5
780,Гудман,Стейк-хаус,1500,75,4.5
781,Брикс Бар,"Европейская,Винный бар",1500,68,4.5
782,T.G.I. Фрайдис,"Американская,Стейк-хаус",1500,93,4.0
783,Все Твои Друзья,"Бар,Паб",1500,97,4.0
784,Люстра Бар,"Японская,Европейская,Подходит для вегетарианцев,Для веганов",1500,94,4.0
785,Пиццерия Pizza Porto Pomodoro,Итальянская,1500,47,4.5
786,Чайхона №1,"Подходит для вегетарианцев,Для веганов",1500,53,4.5
787,Ресторан Наварро'с,"Мексиканская,Перуанская,Латиноамериканская,Гриль",1500,74,4.5
788,Изя Гриль,"Европейская,Подходит для вегетарианцев",1500,135,4.0
789,Маркет,"Морепродукты,Азиатская,Средиземноморская,Тайская,Подходит для вегетарианцев",3000,68,4.5
790,"Ресторан ""Река""","Международная,Средиземноморская,Подходит для вегетарианцев",3000,171,4.0
791,Хижина,"Европейская,Гриль",1500,55,4.5
792,The 21 Food Market,"Японская,Американская,Индийская,Европейская,Азиатская,Бар,Средиземноморская,Паб,Итальянская,Мексиканская,Пицца,Морепродукты",1500,88,4.0
793,Де Марко,"Европейская,Итальянская,Морепродукты,Средиземноморская,Центральноевропейская",1500,69,4.5
794,Джон Донн,"Британская,Паб",1500,60,4.0
795,Имхо,"Бар,Международная,Европейская,Паб,Русская",1500,56,4.5
796,Кафе Южное,"Итальянская,Русская,Восточноевропейская,Армянская,Грузинская,Азербайджанская",1500,82,4.5
797,True Cost Bar & Grill,"Бар,Морепродукты,Европейская,Паб,Подходит для вегетарианцев,Для веганов",700,252,4.0
798,Черри Мио,"Пицца,Европейская,Винный бар",1500,68,4.0
799,Прайм стар,"Фастфуд,Европейская,Русская,Для веганов",700,68,4.0
800,Кулинарная лавка братьев Караваевых,"Европейская,Русская,Подходит для вегетарианцев,Для веганов",700,96,4.0
801,Хорошая Идея,Американская,1500,32,5.0
802,Сытая Утка,"Европейская,Стейк-хаус,Гриль",1500,50,4.5
803,Высоцкий,"Европейская,Русская",1500,80,4.0
804,Chicken Run,"Американская,Европейская,Фастфуд",700,71,4.0
805,Чайхана Павлин-Мавлин,"Европейская,Ближневосточная,Фьюжн",1500,48,4.5
806,Босфор,"Европейская,Турецкая,Средиземноморская,Восточноевропейская,Подходит для вегетарианцев",1500,94,4.0
807,Ян Примус,"Бар,Бельгийская,Европейская,Гриль",1500,120,4.0
808,Патэ,"Французская,Подходит для вегетарианцев,Для веганов,Безглютеновые блюда",1500,71,4.5
809,Клуб Чешских Пивоваров,"Паб,Чешская,Восточноевропейская",1500,24,4.5
810,Лук Кафе,"Европейская,Русская,Восточноевропейская,Центральноевропейская,Международная,Азербайджанская,Подходит для вегетарианцев,Для веганов",1500,186,4.0
811,Кафе Батони,"Восточноевропейская,Грузинская",1500,62,4.0
812,Буфет,"Итальянская,Японская,Европейская,Русская",1500,86,4.0
813,Траттория-Венеция,"Итальянская,Морепродукты,Подходит для вегетарианцев",1500,159,4.0
814,Иль Патио,"Итальянская,Пицца,Морепродукты,Средиземноморская",1500,85,4.0
815,Булка,"Русская,Центральноевропейская",1500,136,4.0
816,Beer&Brut;,"Итальянская,Французская,Бар,Морепродукты,Средиземноморская,Европейская,Винный бар,Центральноевропейская,Гастропаб,Подходит для вегетарианцев,Для веганов,Безглютеновые блюда",1500,339,4.5
817,Чайковский,"Европейская,Русская,Центральноевропейская,Подходит для вегетарианцев",1500,118,4.0
818,Крыша-Бар,"Итальянская,Морепродукты,Средиземноморская,Европейская,Русская,Центральноевропейская,Подходит для вегетарианцев",1500,184,4.5
819,800C Contemporary Steak,"Стейк-хаус,Подходит для вегетарианцев",3000,68,4.5
820,Кросс кис паб,"Европейская,Британская,Паб,Гастропаб,Центральноевропейская",1500,62,4.5
821,Винный Базар,"Средиземноморская,Испанская,Подходит для вегетарианцев",1500,39,5.0
822,Хаггис Паб,"Бар,Британская,Европейская,Паб,Шотландская,Центральноевропейская",1500,265,4.0
823,Жан-Жак,"Французская,Подходит для вегетарианцев",1500,77,4.0
824,Кафе Есенин,"Русская,Кафе,Морепродукты,Супы,Центральноевропейская,Восточноевропейская,Подходит для вегетарианцев",1500,119,4.0
825,Караоке бар Shelby,"Итальянская,Американская,Европейская,Фьюжн,Подходит для вегетарианцев",1500,49,5.0
826,Жеральдин,"Французская,Подходит для вегетарианцев",1500,125,4.0
827,Forte Bello,"Итальянская,Подходит для вегетарианцев,Для веганов,Безглютеновые блюда",1500,495,4.5
828,Cork Wine Bar,"Европейская,Винный бар,Бар,Паб",1500,46,4.5
829,Кабанчик,Барбекю,1500,69,4.5
830,Жан-Жак,"Французская,Винный бар,Подходит для вегетарианцев",1500,113,4.0
831,Ян Примус,"Бельгийская,Европейская,Паб",1500,145,4.0
832,Лобби Бар,"Бар,Международная,Европейская,Паб",1500,66,4.0
833,У Сальваторе,"Итальянская,Пицца,Средиземноморская,Подходит для вегетарианцев",1500,52,4.5
834,Craft & Draft Pub,Европейская,1500,70,4.0
835,Бавариус,"Немецкая,Бар,Европейская,Центральноевропейская,Паб",1500,144,4.0
836,Жадина-Говядина,"Европейская,Подходит для вегетарианцев,Для веганов,Безглютеновые блюда",700,95,4.0
837,Да Чикко,"Итальянская,Пицца,Морепродукты,Европейская,Средиземноморская,Супы",1500,126,4.0
838,Beer Harbor,"Американская,Бар,Паб,Гастропаб",700,18,5.0
839,Китайский летчик Джао Да,"Европейская,Русская",1500,114,4.0
840,Bocconcino,"Итальянская,Пицца,Морепродукты,Средиземноморская,Европейская",1500,64,4.0
841,I Like Wine,"Бар,Морепродукты,Средиземноморская,Европейская,Винный бар,Центральноевропейская,Подходит для вегетарианцев,Для веганов,Безглютеновые блюда",1500,332,4.5
842,Мюнхен,"Немецкая,Европейская,Австрийская,Барбекю,Гриль,Современная",1500,83,4.0
843,Френдс форевер,"Американская,Кафе,Европейская",1500,85,4.0
844,Дурдинъ,"Бар,Европейская,Паб,Русская,Центральноевропейская,Восточноевропейская",1500,149,4.0
845,Дарбарс,"Индийская,Азиатская,Подходит для вегетарианцев,Для веганов",1500,76,4.0
846,Широкую на Широкую,"Бар,Европейская,Гриль,Паб",700,49,4.5
847,Лобби Бар в Отеле Moscow Marriott Royal Aurora,"Бар,Паб,Международная,Европейская,Центральноевропейская",1500,50,4.5
848,BB&Burgers;,"Американская,Бар,Фастфуд,Европейская",1500,202,4.0
849,Монте-Кристо,"Европейская,Барбекю,Фьюжн,Подходит для вегетарианцев",1500,61,4.0
850,"Кафе ""Юность""","Европейская,Центральноевропейская,Подходит для вегетарианцев",1500,96,4.0
851,Bao + Bar,"Азиатская,Тайваньская,Японская,Китайская,Подходит для вегетарианцев",1500,49,4.0
852,Рыба Моя,Европейская,1500,85,4.0
853,Locals бар и кухня,"Стейк-хаус,Барбекю,Паб",700,36,4.5
854,Цыцыла,"Восточноевропейская,Гриль,Фьюжн",1500,100,4.0
855,Paul,"Французская,Кафе,Европейская,Центральноевропейская,Подходит для вегетарианцев",1500,119,4.0
856,Шикари,"Индийская,Азиатская,Тайская,Вьетнамская,Подходит для вегетарианцев,Для веганов",1500,88,4.0
857,Палаццо Дукале,"Итальянская,Морепродукты,Европейская,Средиземноморская,Гриль,Центральноевропейская",3000,70,4.5
858,Простые вещи,"Европейская,Средиземноморская,Современная,Подходит для вегетарианцев",1500,88,4.0
859,Гудман,"Американская,Стейк-хаус,Бар,Барбекю,Европейская,Паб,Центральноевропейская",1500,169,4.0
860,Пивной ресторан Ганс и Марта,"Европейская,Немецкая",1500,73,4.0
861,Mi Piace,Итальянская,1500,54,4.5
862,Libre Kitchen,"Итальянская,Американская,Европейская,Вьетнамская,Русская,Подходит для вегетарианцев,Для веганов",1500,22,5.0
863,Кафе Ханой,"Азиатская,Тайская,Вьетнамская,Подходит для вегетарианцев",700,65,4.5
864,Нью-Йорк Стейкхаус,"Американская,Европейская,Стейк-хаус,Аргентинская,Южноамериканская",3000,23,4.5
865,Стейдж,"Стейк-хаус,Пицца,Морепродукты,Европейская,Гриль,Подходит для вегетарианцев,Для веганов",1500,66,4.5
866,Ресторан Грют,"Европейская,Бар,Паб,Подходит для вегетарианцев",1500,61,4.0
867,Оранжерея,"Европейская,Азиатская,Русская,Центральноевропейская",700,48,4.5
868,Чайхона №1,"Ближневосточная,Восточноевропейская,Барбекю,Подходит для вегетарианцев,Для веганов",1500,218,4.0
869,Кафе студии Артемия Лебедева,"Кафе,Центральноевропейская,Европейская",1500,81,4.0
870,Чайхона №1,"Японская,Пицца,Европейская,Фьюжн,Узбекская",1500,34,4.5
871,Паприка,"Индийская,Азиатская,Подходит для вегетарианцев,Для веганов,Безглютеновые блюда",1500,173,4.0
872,ВьетКафе,"Вьетнамская,Подходит для вегетарианцев",1500,58,4.0
873,Красная Площадь дом 1,"Русская,Центральноевропейская,Европейская",3000,49,4.5
874,Megobari,Грузинская,1500,18,5.0
875,Чайхона №1,"Китайская,Пицца,Европейская,Узбекская,Грузинская,Подходит для вегетарианцев",1500,62,4.0
876,Айва,Азиатская,700,67,4.0
877,Roots Bar & Bistro,"Бар,Гастропаб,Подходит для вегетарианцев",1500,20,5.0
878,Примавера,Итальянская,1500,137,4.0
879,"Кафе ""Прованс""","Итальянская,Французская,Русская",1500,40,4.5
880,Террин,Европейская,1500,42,4.5
881,Пикколино,"Итальянская,Морепродукты,Европейская,Средиземноморская,Гриль",1500,89,4.0
882,Джелатерия Пломбир,Итальянская,1500,28,4.5
883,Кафе-бутик Leonidas,"Бельгийская,Европейская",1500,25,5.0
884,Pho Fighters,"Тайская,Вьетнамская",1500,31,4.5
885,Джон Булл Паб,"Бар,Европейская,Паб,Центральноевропейская",1500,91,4.0
886,Граци Рагацци,"Итальянская,Морепродукты,Подходит для вегетарианцев,Для веганов",1500,103,5.0
887,Легенда,"Японская,Европейская",1500,94,4.5
888,Пельмени,"Европейская,Русская",1500,59,4.0
889,Булочная №5,Кафе,1500,61,4.5
890,Винный бар 13°,"Международная,Современная,Подходит для вегетарианцев",700,55,4.5
891,Жан-Жак,"Французская,Бар,Европейская,Паб,Центральноевропейская,Подходит для вегетарианцев",1500,188,4.0
892,Маяк,"Бар,Европейская,Паб,Кафе,Центральноевропейская",1500,94,4.0
893,Академия,"Итальянская,Кафе,Суши,Европейская,Центральноевропейская,Подходит для вегетарианцев",1500,125,4.0
894,Калинка,"Европейская,Русская,Центральноевропейская",1500,83,4.0
895,The Burger Brothers,"Американская,Бар,Фастфуд",1500,107,4.0
896,Bistrot,"Итальянская,Средиземноморская,Морепродукты",3000,63,4.5
897,Юджунг,"Азиатская,Корейская,Японская,Морепродукты,Гриль",1500,33,4.5
898,Балкан,Кафе,1500,28,4.5
899,Панчо Вилла,"Мексиканская,Латиноамериканская,Бар,Центральноамериканская,Подходит для вегетарианцев",1500,235,4.0
900,Гудман,Стейк-хаус,1500,66,4.5
901,Де Марко,"Морепродукты,Европейская,Итальянская,Японская,Суши,Гриль,Центральноевропейская,Подходит для вегетарианцев",1500,123,4.0
902,Якитория,"Японская,Суши,Азиатская,Подходит для вегетарианцев,Для веганов",1500,221,3.5
903,Бергштайн,"Итальянская,Японская,Европейская",1500,81,4.0
904,Тибет Гималаи,"Индийская,Азиатская,Тибетская",1500,91,4.0
905,Шоколадница,"Кафе,Русская,Восточноевропейская",1500,111,4.0
906,Камчатка,"Бар,Европейская,Паб,Центральноевропейская",700,336,3.5
907,Суп кафе,"Супы,Европейская",1500,46,4.5
908,Paul,Французская,1500,56,4.0
909,Фестивальное,Русская,700,81,4.0
910,Эппл бар и ресторан,"Европейская,Бар,Паб,Винный бар",1500,68,4.0
911,Де Марко,"Европейская,Итальянская",3000,74,4.0
912,Тики-бар,"Латиноамериканская,Бар,Испанская,Международная,Гриль,Подходит для вегетарианцев,Для веганов",1500,103,4.0
913,Ресторан Жан-Жак,"Французская,Европейская,Центральноевропейская,Подходит для вегетарианцев",1500,163,4.0
914,Эстетик,"Немецкая,Австрийская,Бар,Пицца,Европейская,Паб",1500,59,4.5
915,Хачапурия,Подходит для вегетарианцев,1500,54,4.0
916,Ла Ферм,"Кафе,Итальянская,Современная",1500,53,4.0
917,Zupperia,"Итальянская,Европейская,Центральноевропейская",1500,80,4.0
918,Бамбу Бар (Москва-Сити),"Морепродукты,Японская,Бар,Средиземноморская,Суши,Азиатская,Восточноевропейская,Подходит для вегетарианцев,Для веганов",3000,168,4.5
919,Вилладж Китчен,"Средиземноморская,Европейская,Кавказская,Центральноевропейская",3000,78,4.0
920,Джаз-клуб Андрея Макаревича,"Европейская,Грузинская",700,35,4.5
921,Старбакс,Кафе,1500,37,4.5
922,Темпл Бар,"Бар,Барбекю,Европейская,Американская,Стейк-хаус",1500,102,4.0
923,Карлсон,"Итальянская,Морепродукты,Европейская,Современная,Подходит для вегетарианцев,Для веганов",3000,653,3.5
924,Альковъ,"Европейская,Итальянская,Французская",1500,52,4.5
925,Вьеткафе Сити,"Морепродукты,Азиатская,Вьетнамская,Подходит для вегетарианцев,Для веганов",1500,95,4.0
926,БарБошко,"Средиземноморская,Европейская,Русская",1500,36,5.0
927,Черчилль паб,"Бар,Морепродукты,Европейская",1500,121,4.0
928,Фреш,"Подходит для вегетарианцев,Для веганов,Безглютеновые блюда",1500,53,4.5
929,Перец & Мята,Подходит для вегетарианцев,1500,35,4.5
930,Лобби,"Бар,Паб",1500,33,4.5
931,ресторан «Де Пари»,"Центральноевропейская,Французская,Европейская,Магазин готовой еды,Русская",1500,39,4.5
932,Grand Урюк,"Кавказская,Европейская,Узбекская,Подходит для вегетарианцев",1500,124,4.0
933,Ресторан Оли Оли,"Итальянская,Морепродукты,Средиземноморская,Подходит для вегетарианцев",1500,88,4.0
934,Биродром,"Европейская,Паб,Паб с пивоварней",1500,101,4.5
935,Ритм блюз кафе,"Бар,Европейская,Паб,Центральноевропейская,Кафе",1500,80,4.0
936,Кулинарная лавка братьев Караваевых на Варшавке,Европейская,700,42,4.5
937,Якитория,"Японская,Морепродукты,Суши,Азиатская",1500,123,4.0
938,Экслибрис,"Европейская,Русская",1500,39,4.5
